PartNo,Freq,TotalQty,PartName,BoxType,CubM,UnitLabelQt,ModuleSizeL,ModuleSizeV,ModuleSizeH,VolumePerPiece,Volume,Viscosity,Rank,Category
D65133047B,9225,184498,BRG-WHL,4B011,0.01,20,240,280,240,5e-04,92.249,960.473841449314,1,High
C23750EJ0,3473,86786,HOOK ASSY-TOWING,4A044,0.004032,25,240,140,120,0.00016128,13.99684608,928.302863086058,2,High
D65239060H,7331,36655,RUB-E/MTG;#3,4C024,0.01,5,240,280,240,0.002,73.31,856.212590423663,3,High
9YA02122N,2908,174385,BOLT,4A031,0.004032,60,240,140,120,6.72e-05,11.718672,849.483998940798,4,High
9YA02100N,2808,842400,BOLT,4A024,0.004032,300,240,140,120,1.344e-05,11.321856,834.52296039628,5,High
DN3437160,2795,558996,NUT-HUB,4B--,0.004032,200,240,140,120,2.016e-05,11.26935936,832.591932120604,6,High
D651437A0D,5891,41232,HYDRAULIC UNIT-ABS,4H011,0.01,7,240,560,120,0.00142857142857143,58.9028571428572,767.575036874713,7,High
GJ2168885B02,1825,911497,FASTENER,4A051,0.003289,500,230,130,110,6.578e-06,5.995827266,745.312341017313,8,High
9YA02100P,1745,523138,BOLT,4A025,0.004032,300,240,140,120,1.344e-05,7.03097472,658.093593639579,9,High
D65133042A,1666,133280,NUT-LOCK,4A046,0.004032,80,240,140,120,5.04e-05,6.717312,642.802025855897,10,High
997961260,1480,177600,BOLT,4A063,0.004032,120,240,140,120,3.36e-05,5.96736,605.857649999975,11,High
DN3409010A,1462,29240,KEY SET,4Z20,0.004032,20,240,140,120,0.0002016,5.894784,602.162109692404,12,High
B00237160B,1247,311730,NUT-HUB,4A042,0.004032,250,240,140,120,1.6128e-05,5.02758144,556.14353919974,13,High
994540895,1185,177750,BOLT-FLANGE,4A013,0.004032,150,240,140,120,2.688e-05,4.77792,542.124348764939,14,High
DP0467B21A,983,29424,BRKT,Z15,0.004032,30,240,140,120,0.0001344,3.9545856,494.314132906252,15,High
9XG013312M,1154,138420,BOLT,8AD25,0.004788,120,280,190,90,3.99e-05,5.522958,491.043468243933,16,High
9YA020843,942,235270,BOLT,4A021,0.004032,250,240,140,120,1.6128e-05,3.79443456,483.590064049775,17,High
9XG14343ZC,1842,92048,BOLT&WSHR M14X75 HF,8AJ12,0.008064,50,280,240,120,0.00016128,14.84550144,478.070768985801,18,High
9YA020669,920,826921,BOLT,4A015,0.004032,900,240,140,120,4.48e-06,3.70460608,477.98779757943,19,High
011856241,920,184000,PLUG-DRAIN,IA011,0.004032,200,240,140,120,2.016e-05,3.70944,477.676253517592,20,High
9YA670603,911,1548700,SCREW-TAPPING,4A076,0.004032,1700,240,140,120,2.37176470588235e-06,3.673152,475.334051291784,21,High
9YA420803,863,258570,SCREW,4A034,0.004032,300,240,140,120,1.344e-05,3.4751808,462.937213946275,22,High
DN2439070,5335,46018,RUB-E/MTG;#4,4Q-,0.03,10,240,560,240,0.003,138.054,454.056530701372,23,High
9XG099317L,1655,1651016,BOLT M5X16 HF PIL A,8AJ11,0.008064,1000,280,240,120,8.064e-06,13.313793024,453.57289899864,24,High
9YA750603,808,484800,BOLT,4A011,0.004032,600,240,140,120,6.72e-06,3.257856,447.657039927694,25,High
9YA021104,805,201250,BOLT,4A026,0.004032,250,240,140,120,1.6128e-05,3.24576,446.82522061515,26,High
D6516732XB,1910,38200,"ARM&BLADE SET,F,PGR",4K-R,0.01,20,480,120,240,5e-04,19.1,437.035467668243,27,High
D65167320A,1907,38130,"ARM&BLADE SET,F",4K-R,0.01,20,480,120,240,5e-04,19.065,436.749371050531,28,High
DK1239080,1873,29940,BRKT-ENG;#4,4B38--,0.01,16,240,280,240,0.000625,18.7125,432.98402240805,29,High
DK4962361D,722,38971,STRIKER-LIFTGATE,4Q-,0.003971,54,220,190,95,7.3537037037037e-05,2.86581187037037,426.49442537249,30,High
D35042239,720,86400,CLAMP-HOSE,4A045,0.004032,120,240,140,120,3.36e-05,2.90304,422.577127364258,31,High
D37437790A,5158,41264,JACK-PANTOGRAPH,4C026,0.03,8,240,560,240,0.00375,154.74,414.64844547319,32,High
D65150660C,684,19152,"MLDG-BELTLINE,R,RH",4E-R,0.004032,28,240,140,120,0.000144,2.757888,411.877235523957,33,High
D65150670C,684,19152,"MLDG-BELTLINE,R,LH",4E-R,0.004032,28,240,140,120,0.000144,2.757888,411.877235523957,34,High
DP0757730C,3352,33520,BELT-B,6Z20,0.02,10,380,300,250,0.002,67.04,409.389789809174,35,High
DN24437A0,1656,11576,HYDRAULIC UNIT-ABS,4HA02,0.01,7,240,560,120,0.00142857142857143,16.5371428571429,407.22093187009,36,High
9YA420608,667,1333474,BOLT-EARTH,4A033,0.004032,2000,240,140,120,2.016e-06,2.688283584,406.80688441322,37,High
9YB040810,651,520800,NUT-FLANGE,4A041,0.004032,800,240,140,120,5.04e-06,2.624832,401.81878170804,38,High
D65133042,642,51267,NUT-LCOK,4A046,0.004032,80,240,140,120,5.04e-05,2.5838568,399.393329873686,39,High
9XG09643X0,1255,150520,PLUG 40X.08-1.5 PNL,8AH12,0.008064,120,280,240,120,6.72e-05,10.114944,394.604455391117,40,High
DK4957960F,3065,91935,ADJUSTER-ANCHOR,4Q-,0.02,30,400,310,240,0.000666666666666667,61.29,391.503517326433,41,High
9YA020660,617,617000,BOLT,4A014,0.004032,1000,240,140,120,4.032e-06,2.487744,391.185114301137,42,High
9XG11918ZA,1229,368012,BOLT M10X25 HF PIL,8AH18,0.008064,300,280,240,120,2.688e-05,9.89216256,390.756544633393,43,High
D65139060F,1524,4572,RUB-E/MTG;#3,4B026,0.01,3,240,280,240,0.00333333333333333,15.24,390.384425918863,44,High
DK4966370A,1502,126113,SW-P/W SUB,4Z2042,0.01,84,240,280,240,0.000119047619047619,15.0134523809524,387.640948231406,45,High
DK4968YB1,605,91420,RET DR SCF PLT,4B--J,0.004032,150,240,140,120,2.688e-05,2.4573696,385.940303454872,46,High
B10068615,598,239881,CAP NUT-FLANGE,4A043,0.004032,400,240,140,120,1.008e-05,2.41800048,384.567866260272,47,High
DN3237790,4344,34744,JACK,4IF8,0.03,8,450,350,210,0.00375,130.29,380.569758399849,48,High
992822200H,579,86797,CLAMP-HOSE,4A012,0.004032,150,240,140,120,2.688e-05,2.33310336,379.063156032552,49,High
DL3356514,579,40530,BOLT-LOCK,4A074,0.004032,70,240,140,120,5.76e-05,2.334528,378.947477199929,50,High
9YA020670,579,463200,BOLT,4A016,0.004032,800,240,140,120,5.04e-06,2.334528,378.947477199929,51,High
DR6134011B,8486,42430,"SPRING-COIL,F",4I-,0.06,5,560,480,240,0.012,509.16,376.07623340665,52,High
S09268786,569,204648,PLUG-HOLE,4A075,0.004032,360,240,140,120,1.12e-05,2.2920576,375.836973937303,53,High
DR6246310,522,41760,"",4A011,0.003696,80,240,140,110,4.62e-05,1.929312,375.810811757414,54,High
9YA020857,563,337310,BOLT-EARTH,4A023,0.004032,600,240,140,120,6.72e-06,2.2667232,373.946222119024,55,High
DF5042250,1370,41095,CAP-FILLER,4B022,0.01,30,240,280,240,0.000333333333333333,13.6983333333333,370.157626821991,56,High
GJ6A58225A,1060,742000,BOLT-SETTING,4A085,0.008064,700,240,140,240,1.152e-05,8.54784,362.55815078193,57,High
9YA191003A,528,132000,BOLT-REAMER,4A032,0.004032,250,240,140,120,1.6128e-05,2.128896,361.873432227873,58,High
D65163620A,477,19080,"DAMPER-STAY,LH",4H016,0.004032,40,240,140,120,0.0001008,1.923264,343.952862218897,59,High
D65162620A,476,19040,"DAMPER-STAY,RH",4H015,0.004032,40,240,140,120,0.0001008,1.919232,343.592135468138,60,High
994541025,470,164500,BOLT,4A032,0.004032,350,240,140,120,1.152e-05,1.89504,341.419771421428,61,High
DN246909X,1154,34616,WRENCH,4H62--,0.01,30,560,240,120,0.000333333333333333,11.5386666666667,339.725381556996,62,High
ZJ3815980C,3439,41268,TENSIONER-AUTO,4C012,0.03,12,240,560,240,0.0025,103.17,338.575447032612,63,High
9XG146214K,914,365360,BOLT M10X18 5 PN TI,8AJ11,0.008064,400,280,240,120,2.016e-05,7.3656576,336.775455764864,64,High
D65357540B02,3435,34899,"HINGE-R BACK,CTR",4C015,0.03,10,240,560,240,0.003,104.697,335.706401385029,65,High
9XG02042AF,897,89601,BOLT,8AF14,0.008064,100,280,240,120,8.064e-05,7.22542464,333.703494963371,66,High
D6513438XB,3319,182544,BRG-STRUT,IC,0.03,55,560,240,230,0.000545454545454546,99.5694545454545,332.616805644663,67,High
994641040,442,132600,BOLT,4A053,0.004032,300,240,140,120,1.344e-05,1.782144,331.093666313652,68,High
B6BG18401B,440,88000,"BOLT,STARTER",4A076,0.004032,200,240,140,120,2.016e-05,1.77408,330.343736321705,69,High
904400825,436,370600,SCREW,4A015,0.004032,850,240,140,120,4.74352941176471e-06,1.757952,328.838745641265,70,High
DK1239040A,1067,28512,RUB-E/MTG;#1,4B74--,0.01,27,240,280,240,0.00037037037037037,10.56,328.34655218737,71,High
9YB041028,429,256901,NUT-FLANGE,4A054,0.004032,600,240,140,120,6.72e-06,1.72637472,326.504941320499,72,High
D65145915,421,42095,HOLDER-PIPE,4A064,0.004032,100,240,140,120,4.032e-05,1.6972704,323.151798395563,73,High
DN3220360A,487,29220,TUBE ASSY-VACUUM,IIA5,0.004704,60,240,140,140,7.84e-05,2.290848,321.759089327133,74,Medium
9XG02913X0,414,90879,PLUG 28 X 0.5-2 PNL,8AD22,0.004032,220,240,140,120,1.83272727272727e-05,1.66556421818182,320.789134665234,75,Medium
L206614H5A,410,82000,CLIP,4A015,0.004032,200,240,140,120,2.016e-05,1.65312,318.883219904259,76,Medium
ZJ0818867,410,82000,CLIP,4A016,0.004032,200,240,140,120,2.016e-05,1.65312,318.883219904259,77,Medium
DJ3534170,3051,184108,LINK-CONTROL,4C013,0.03,60,240,560,240,5e-04,92.054,317.995427589389,78,Medium
9XG04176X7,222,155200,BOLT&WSHR M6X16 HF,8AB32,0.002352,700,240,140,70,3.36e-06,0.521472,307.423793495346,79,Medium
DL3334155,925,92500,PLATE-STAB,4B014,0.01,100,240,280,240,1e-04,9.25,304.138126514911,80,Medium
9XF003402M,739,140280,BOLT,8AJ17,0.008064,190,280,240,120,4.24421052631579e-05,5.95377852631579,302.864311606053,81,Medium
DN321006Y,1822,45550,PIPE SUBASSY-GAGE,4H---,0.02,25,560,250,150,8e-04,36.44,301.827765455731,82,Medium
9YA110807,349,174073,BOLT,4A062,0.004032,500,240,140,120,8.064e-06,1.403724672,294.567250039481,83,Medium
9YB041208,349,174500,NUT-FLANGE,4A066,0.004032,500,240,140,120,8.064e-06,1.407168,294.206627529938,84,Medium
D35045919A,346,103774,HOLDER-PIPE,4A073,0.004032,300,240,140,120,1.344e-05,1.39472256,292.976094857357,85,Medium
9YA500603,346,1038000,SCREW-TAPPING,4A035,0.004032,3000,240,140,120,1.344e-06,1.395072,292.939399984864,86,Medium
DF7445911,342,68227,HOLDER-PIPE,4A076,0.004032,200,240,140,120,2.016e-05,1.37545632,291.610195783159,87,Medium
9XG15119X3,685,274000,BOLT M10X26 PN TI P,8AJ13,0.008064,400,280,240,120,2.016e-05,5.52384,291.454004103455,88,Medium
DK49675DY,340,27199,TRANSMITTER,4A--,0.004032,80,140,240,120,5.04e-05,1.3708296,290.393693350582,89,Medium
9XG042957L,396,118504,BOLT,8AH13,0.004788,300,280,190,90,1.596e-05,1.89132384,287.946787400707,90,Medium
DN3266120B,4104,20519,SWITCH-COMBI,Z3083,0.05,5,600,400,220,0.01,205.19,286.503054425151,91,Medium
994501040,330,82500,BOLT,4A011,0.004032,250,240,140,120,1.6128e-05,1.33056,286.086067635665,92,Medium
H26050841,323,323000,GROMMET-SCREW,4A056,0.004032,1000,240,140,120,4.032e-06,1.302336,283.03555780878,93,Medium
D4363719X,792,31680,CAP ASSY-CENTER,4B021,0.01,40,240,280,240,0.00025,7.92,281.424945589406,94,Medium
994790625,309,247200,BOLT,4A086,0.004032,800,240,140,120,5.04e-06,1.245888,276.833713196035,95,Medium
9XG147254K,611,183220,BOLT,8AJ14,0.008064,300,280,240,120,2.688e-05,4.9249536,275.321507384291,96,Medium
DK5150YF1A,303,45370,TRNSF L/C DR NM,4B24,0.004032,150,240,140,120,2.688e-05,1.2195456,274.374411879352,97,Medium
DN2069532,75,3750,BRKT,"",0.004032,200,240,140,120,2.016e-05,0.0756,272.772362794991,98,Medium
D6524608XA,732,36600,BRKT ASSY-CABLE,4B032,0.01,50,240,280,240,2e-04,7.32,270.554985169374,99,Medium
9XG10267X0,581,638940,CLIP,8AE61,0.008064,1100,280,240,120,7.33090909090909e-06,4.68401105454545,268.452329373409,100,Medium
DN3213382A,2142,42840,INSULATOR-HEAT,4Q-,0.03,20,560,240,240,0.0015,64.26,267.207784317748,101,Medium
B00143694A,286,171540,BOLT-CONNECTOR,IA022,0.004032,600,240,140,120,6.72e-06,1.1527488,266.378208464503,102,Medium
B00156170C,286,45760,BOLT-JACK SET,4A074,0.004032,160,240,140,120,2.52e-05,1.153152,266.331634776156,103,Medium
994541090,283,36790,BOLT,4A026,0.004032,130,240,140,120,3.10153846153846e-05,1.141056,264.931108146046,104,Medium
ZJ2113390,4127,41270,INSULATOR ASSY-EXH,4I014,0.06,10,480,560,240,0.006,247.62,262.265768512273,105,Medium
D6516679YA,2061,41220,BRKT ASSY-HORN,4C044,0.03,20,240,560,240,0.0015,61.83,262.106848441623,106,Medium
ZJ1413460,2061,41220,GSKT ASSY-EXH MANI,4CD02,0.03,20,240,560,240,0.0015,61.83,262.106848441623,107,Medium
DN3409010,675,13500,KEY SET,4Z20,0.01,20,400,300,120,5e-04,6.75,259.807621135332,108,Medium
9YA021059A,270,81000,BOLT,4A051,0.004032,300,240,140,120,1.344e-05,1.08864,258.774584753383,109,Medium
D65156731,264,79200,CLIP-OPENER CABLE,4A081,0.004032,300,240,140,120,1.344e-05,1.064448,255.88315785958,110,Medium
DN3257L30G,2671,27284,"BELT-B,P/TENS",DGP,0.04,10,570,490,150,0.004,109.136,255.675946245134,111,Medium
D65168424A,259,41440,"COVER-RECESS,RH",4A034,0.004032,160,240,140,120,2.52e-05,1.044288,253.448438762426,112,Medium
D65168454B,259,41440,"COVER-RECESS,LH",4A021,0.004032,160,240,140,120,2.52e-05,1.044288,253.448438762426,113,Medium
DN3257720B,1912,45884,BELT-A,4Q-,0.03,24,240,560,240,0.00125,57.355,252.465620180654,114,Medium
DN3257L90G,2597,26549,"BELT-B,P/TENS",DGP,0.04,10,570,490,150,0.004,106.196,252.010055629055,115,Medium
D65157520B,635,19050,"STRIKER-R BACK,LH",4B022,0.01,30,240,280,240,0.000333333333333333,6.35,251.992063367083,116,Medium
D65157510B,633,18990,"STRIKER-R BACK,RH",4B022,0.01,30,240,280,240,0.000333333333333333,6.33,251.594912508183,117,Medium
DN5557510,631,44170,STRIKER-R BACK,4B023,0.01,70,240,280,240,0.000142857142857143,6.31,251.197133741609,118,Medium
DN0366YR1,171,20700,SPKR PRK AID,5C3L3,0.004032,180,240,140,120,2.24e-05,0.46368,251.123253002899,119,Medium
9YA110619,253,328900,BOLT,4A053,0.004032,1300,240,140,120,3.10153846153846e-06,1.020096,250.49554062501,120,Medium
DG9969452,618,18520,"BRKT-R ASSIST,RH",APC27,0.01,30,420,210,150,0.000333333333333333,6.17333333333333,248.730252805941,121,Medium
DG9969453,618,18520,"BRKT-R ASSIST,LH",APC27,0.01,30,420,210,150,0.000333333333333333,6.17333333333333,248.730252805941,122,Medium
DF7169532B,248,12400,BRKT,4A021,0.004032,50,240,140,120,8.064e-05,0.999936,248.007936380948,123,Medium
9YB041026,247,123475,MUT-FLANGE,4A061,0.004032,500,240,140,120,8.064e-06,0.9957024,247.532470474808,124,Medium
9YB041203,244,122000,NUT-FLANGE,4A071,0.004032,500,240,140,120,8.064e-06,0.983808,245.999741902046,125,Medium
9YA020659,243,121500,BOLT,4A045,0.004032,500,240,140,120,8.064e-06,0.979776,245.495126515491,126,Medium
ZJ3918861B,599,23960,SENSOR-OXYGEN,4B024,0.01,40,240,280,240,0.00025,5.99,244.744765010408,127,Medium
DN0357KN0,1765,10590,"A/B-CURTAIN,LH",DGP,0.03,6,570,380,150,0.005,52.95,242.555835496352,128,Medium
994640616,237,355500,BOLT,4A023,0.004032,1500,240,140,120,2.688e-06,0.955584,242.445379219242,129,Medium
DK49675DYA,237,18960,TRANSMITTER,4A--,0.004032,80,140,240,120,5.04e-05,0.955584,242.445379219242,130,Medium
D65142631C,572,85746,CLIP,4B013,0.01,150,240,280,240,6.66666666666667e-05,5.7164,239.240512187237,131,Medium
ZJ2140080,568,28400,BRKT ASSY-HANGER,4B024,0.01,50,240,280,240,2e-04,5.68,238.32750575626,132,Medium
9XG039577L,455,45480,BOLT,8AA54,0.008064,100,280,240,120,8.064e-05,3.6675072,237.588769947158,133,Medium
TC4042239,560,167895,CLAMP-HOSE,4B015,0.01,300,240,280,240,3.33333333333333e-05,5.5965,236.717177003868,134,Medium
GJ6E56802,218,43600,RUBBER-STOP,4A065,0.004032,200,240,140,120,2.016e-05,0.878976,232.524106959817,135,Medium
DF8743481,537,42943,HOSE-VACUUM,4B032,0.01,80,240,280,240,0.000125,5.367875,231.778468396687,136,Medium
DK5266151,252,22674,SWITCH-IGNITION,4Z20,0.004704,90,240,140,140,5.22666666666667e-05,1.1850944,231.48564676307,137,Medium
DN2443621,532,42543,HOSE-VACUUM,4B033,0.01,80,240,280,240,0.000125,5.317875,230.697330915225,138,Medium
DK5161695A,214,181895,BRKT-RELAY,4B42--,0.004032,850,240,140,120,4.74352941176471e-06,0.862824282352941,230.384148288028,139,Medium
DK4961158B,524,3141,"DUCT-HEATER SIDE,LH",H3U13,0.01,6,480,290,130,0.00166666666666667,5.235,229.019754072639,140,Medium
DK4961157A,523,3137,"DUCT-HEATER SIDE,RH",4HU13,0.01,6,280,480,120,0.00166666666666667,5.22833333333333,228.728380354512,141,Medium
9XF20214ZD,411,184470,NUT M12 HF PTP 10,8AC15,0.008064,450,280,240,120,1.792e-05,3.3057024,226.052828390683,142,Medium
GJ6A5114Y,206,82400,FASTENER-LAMP,4A043,0.004032,400,240,140,120,1.008e-05,0.830592,226.03378031009,143,Medium
DN3215384A,3042,45621,HOSE-SUBTANK,4Z30,0.06,15,560,480,230,0.004,182.484,225.188814048957,144,Medium
DN325697Y,507,25350,BRKT,APC84,0.01,50,550,330,110,2e-04,5.07,225.166604983954,145,Medium
9XF002437L,403,92416,BOLT,8AE13,0.008064,230,280,240,120,3.50608695652174e-05,3.24018532173913,223.882486157651,146,Medium
H3816888500,163,81500,FASTENER,4A014,0.003289,500,230,130,110,6.578e-06,0.536107,222.618814379329,147,Medium
CD8466290D02,492,49200,POWER OUTLET,4B016,0.01,100,240,280,240,1e-04,4.92,221.810730128188,148,Medium
DN3266120C,2428,12140,SWITCH-COMBI,4I-,0.05,5,600,400,220,0.01,121.4,220.363336333429,149,Medium
994641020,195,87750,BOLT,4A022,0.004032,450,240,140,120,8.96e-06,0.78624,219.916109546562,150,Medium
D6516851XC02,476,19040,"GARN-R SAIL IN,RH",4B031,0.01,40,240,280,240,0.00025,4.76,218.174242292714,151,Medium
D6516851YC02,476,19040,"GARN-R SAIL IN,LH",4B031,0.01,40,240,280,240,0.00025,4.76,218.174242292714,152,Medium
DP0446086,462,27659,BRKT-CABLE,4Q-,0.01,60,240,280,240,0.000166666666666667,4.60983333333333,215.178741713549,153,Medium
9XG15402X0,368,183500,SCREW,8AJ16,0.008064,500,280,240,120,1.6128e-05,2.959488,213.914156772555,154,Medium
994790616,184,183986,SCREW,IA033,0.004032,1000,240,140,120,4.032e-06,0.741831552,213.631442258282,155,Medium
9YA42A815,183,183000,BOLT,4A064,0.004032,1000,240,140,120,4.032e-06,0.737856,213.042025811587,156,Medium
DK5267C11,368,185500,CLIP,4B11,0.008064,500,280,240,120,1.6128e-05,2.991744,212.757855563972,157,Medium
9XG00087X0,182,90840,CLIP,8AA66,0.004032,500,240,140,120,8.064e-06,0.73253376,212.646170332393,158,Medium
DJ3543825A,182,45500,CLIP-VAC HOSE,4B23--,0.004032,250,240,140,120,1.6128e-05,0.733824,212.459146399699,159,Medium
DN2067791,446,13380,UNIT BURGLAR ALM,4B-,0.01,30,280,230,240,0.000333333333333333,4.46,211.187120819429,160,Medium
DN2067792,446,13380,BRKT-BURGLAR ALM,4B-,0.01,30,280,230,240,0.000333333333333333,4.46,211.187120819429,161,Medium
BN8V56840B,442,22100,STRIKER ASSY-LID,4B025,0.01,50,240,280,240,2e-04,4.42,210.237960416286,162,Medium
G03168866B,188,198802,FASTENER-SEAL,4A086,0.004032,1000,240,140,120,4.032e-06,0.801569664,209.984487652883,163,Medium
ZJ3918861A,440,17600,SENSOR-OXYGEN,4B024,0.01,40,240,280,240,0.00025,4.4,209.76176963403,164,Medium
9YB040608,175,349811,NUT FLANGE,4A062,0.004032,2000,240,140,120,2.016e-06,0.705218976,208.38960612484,165,Medium
D65157529A,432,172653,LOCK-CUSHION,4B014,0.01,400,240,280,240,2.5e-05,4.316325,207.934560113606,166,Medium
D65132980A02,3830,19150,BOSS ASSY-STEER,4STW,0.09,5,400,400,620,0.018,344.7,206.289979290211,167,Medium
DK5142YA3D,1267,45606,SE FU/FILL OPG,4Q-,0.03,36,240,560,240,0.000833333333333333,38.005,205.52101989769,168,Medium
D65232980C02,169,841,BOSS ASSY-STEER,4STW-J,0.004032,5,240,140,120,0.0008064,0.6781824,205.217053231493,169,Medium
DN3213425,416,45760,BRKT-FUEL HOSE,4B56,0.01,110,240,280,240,9.09090909090909e-05,4.16,203.960780543711,170,Medium
B45532099B,166,91252,BOLT-SET,4A072,0.004032,550,240,140,120,7.33090909090909e-06,0.668960116363636,202.958841462758,171,Medium
9YA020667,166,166000,BOLT,4A042,0.004032,1000,240,140,120,4.032e-06,0.669312,202.905482726897,172,Medium
DK5166YL2,144,45410,WSHR FRT PLR,5A-25,0.004032,350,240,140,120,1.152e-05,0.5231232,199.095067917685,173,Medium
DF7169531A75,158,15800,HANGER-COAT,4A032,0.004032,100,240,140,120,4.032e-05,0.637056,197.955823194237,174,Medium
DK5068YB1,155,92342,RET DR SCF PLT,5A,0.004032,600,240,140,120,6.72e-06,0.62053824,196.764806758043,175,Medium
DN3215186A,2280,45600,"HOSE-WATER,UP",II68,0.06,20,560,480,230,0.003,136.8,194.935886896179,176,Medium
DK5167C93A,153,91800,CLIP,4B46--,0.004032,600,240,140,120,6.72e-06,0.616896,194.798430618495,177,Medium
9XG093322M,371,1094870,NUT STAMPED M6HF,8AF13,0.01,3000,250,250,190,3.33333333333333e-06,3.64956666666667,194.201803584087,178,Medium
DK5157K30,1131,33930,SAS UNIT,4Q-,0.03,30,240,560,240,0.001,33.93,194.164878389476,179,Medium
9XG150652M,304,45750,BOLT M10X65 HF PIL,8AB22,0.008064,150,280,240,120,5.376e-05,2.45952,193.842233131233,180,Medium
9YA770501,151,271800,SCREW-TAPPING,4A063,0.004032,1800,240,140,120,2.24e-06,0.608832,193.521050083439,181,Medium
D35441673,371,74181,GROMMET,4B021,0.01,200,240,280,240,5e-05,3.70905,192.638268350911,182,Medium
9XG12993X3,290,226400,BOLT M8X21 PC TI P,8AH16,0.008064,800,280,240,120,1.008e-05,2.282112,191.968300720945,183,Medium
D53146550,368,36800,BRKT-CABLE,4B026,0.01,100,240,280,240,1e-04,3.68,191.833260932509,184,Medium
DG804371Y,4349,173958,"SENS ASSY-ABS,R,RH",4H035,0.12,40,480,560,480,0.003,521.874,190.373536338756,185,Medium
9YB160610,142,85200,NUT,4A014,0.004032,600,240,140,120,6.72e-06,0.572544,187.665271076601,186,Medium
9XG14273ZA,282,183300,BOLT M8X33 RC TI PI,8AD36,0.008064,650,280,240,120,1.24061538461538e-05,2.274048,187.003310385774,187,Medium
DK5161190D,2092,41822,CONTROL ASSY-HEATER,Z3013,0.06,20,560,480,240,0.003,125.466,186.766359718765,188,Medium
BP4K67519A,140,70000,CLIP,4A084,0.004032,500,240,140,120,8.064e-06,0.56448,186.338998124983,189,Medium
DK5162310D,1037,26894,LATCH ASSY-LIFTGATE,4Q-,0.03,26,480,280,240,0.00115384615384615,31.0315384615385,186.156027520962,190,Medium
FU5119065,138,165600,NUT,4A081,0.004032,1200,240,140,120,3.36e-06,0.556416,185.003217475239,191,Medium
9YA420609,137,204086,BOLT-EARTH,4A065,0.004032,1500,240,140,120,2.688e-06,0.548583168,184.969161607617,192,Medium
DL3357K30,1000,40000,SAS UNIT,4Q-,0.03,40,240,560,240,0.00075,30,182.574185835055,193,Medium
9XG013892M,266,212280,BOLT&WSHR M6X27.5 H,8AD25,0.008064,800,280,240,120,1.008e-05,2.1397824,181.843101930827,194,Medium
9YA650503,133,345800,SCREW-TAPPING,4A036,0.004032,2600,240,140,120,1.55076923076923e-06,0.536256,181.620789314195,195,Medium
9YB160611,131,260418,NUT,4A073,0.004032,2000,240,140,120,2.016e-06,0.525002688,180.796713708702,196,Medium
D65159951,1959,41139,"PAD,#1,LH",4I011,0.06,21,480,560,240,0.00285714285714286,117.54,180.693109995927,197,Medium
D65158951,1954,41034,"PAD,#1,RH",4I024,0.06,21,480,560,240,0.00285714285714286,117.24,180.462369115189,198,Medium
9XG133920M,262,170300,NUT M12X1 5,8AD56,0.008064,650,280,240,120,1.24061538461538e-05,2.112768,180.250046782461,199,Medium
DN3215185A,1875,37498,"HOSE-WATER,LOW",4Z30,0.06,20,560,480,230,0.003,112.494,176.781409530415,200,Medium
9YA590605A,126,56700,BOLT,IAXXX,0.004032,450,240,140,120,8.96e-06,0.508032,176.776695296637,201,Medium
9XF000242M,148,88254,BOLT,8AE42,0.004788,600,280,190,90,7.98e-06,0.70426692,176.357149472612,202,Medium
G51861764A,122,15860,SENSOR-AMBIENT,4A084,0.004032,130,240,140,120,3.10153846153846e-05,0.491904,173.948085669077,203,Medium
D65141600A,1806,37926,PEDAL ASSY-ACCEL,4I044,0.06,21,480,560,240,0.00285714285714286,108.36,173.493515728975,204,Medium
DN343717XA,1795,43045,CAP ASSY-WHL,2M17,0.06,24,560,480,250,0.0025,107.6125,173.034655445468,205,Medium
9XG15599X0,240,478584,RIVET BLIND 5 85,8AXXX,0.008064,2000,280,240,120,4.032e-06,1.929650688,172.771415894667,206,Medium
DN0357KM0,1772,10632,"A/B-CURTAIN,RH",4DGP,0.06,6,480,560,240,0.01,106.32,171.852650062003,207,Medium
9XG00671X0,270,539200,FASTENER,8AB21,0.009216,2000,240,160,240,4.608e-06,2.4846336,171.290227898706,208,Medium
9XG096389L,223,38880,BOLT,8AE42,0.0078,175,300,200,130,4.45714285714286e-05,1.73293714285714,169.40002025347,209,Medium
L20642240A,860,41280,COVER-DUST,4CD01,0.03,48,240,560,240,0.000625,25.8,169.312334656004,210,Medium
9XF004332M,229,91440,SCREW,8AA64,0.008064,400,280,240,120,2.016e-05,1.8434304,168.663888931884,211,Medium
DP04194J1,848,29680,COVER-END,4J75--,0.03,35,480,560,120,0.000857142857142857,25.44,168.126936172247,212,Medium
DH06676N8A,281,3372,BRKT-KEYLESS,4B036,0.01,12,390,290,150,0.000833333333333333,2.81,167.630546142402,213,Medium
9XG03453X0,111,44380,CLIP,8AE16,0.004032,400,240,140,120,1.008e-05,0.4473504,165.958332984135,214,Medium
170861031,271,162600,PLUG,4B025,0.01,600,240,280,240,1.66666666666667e-05,2.71,164.620776331543,215,Medium
D65168676,270,81000,"HOOK-SIDE,#1",4B-6A,0.01,300,240,280,240,3.33333333333333e-05,2.7,164.31676725155,216,Medium
DN2056031A,794,39700,CLAMP-BATTERY,4DB06,0.03,50,240,560,240,6e-04,23.82,162.685791225499,217,Medium
994641025,103,41200,BOLT,4A021,0.004032,400,240,140,120,1.008e-05,0.415296,159.830018834495,218,Medium
ZJ38188G1D,752,24064,SENS A/F RATIO,4C024,0.03,32,240,560,240,0.0009375,22.56,158.324561160506,219,Medium
853162873,101,80800,RUBBER-STOP,4A016,0.004032,800,240,140,120,5.04e-06,0.407232,158.270664289385,220,Medium
DN3456620A,740,20692,LATCH ASSY-BONNET,IQ-,0.03,28,280,480,240,0.00107142857142857,22.17,157.162479956251,221,Medium
B37F69220C,1479,44370,"MIRROR-R VIEW,IN",4I033,0.06,30,480,560,240,0.002,88.74,157.003184681076,222,Medium
DK5162310C,739,19202,LATCH ASSY-LIFTGATE,4Q-,0.03,26,480,280,240,0.00115384615384615,22.1561538461538,156.999132364166,223,Medium
D65156041A,1474,39798,TRAY-BATTERY,4I043,0.06,27,480,560,240,0.00222222222222222,88.44,156.737572606783,224,Medium
FNFB199E1,732,36600,HOSE-OIL,4C022,0.03,50,240,560,240,6e-04,21.96,156.204993518133,225,Medium
9XF000342M,130,45420,BOLT,8AD45,0.0054,350,300,200,90,1.54285714285714e-05,0.700765714285714,155.294805677517,226,Medium
DN3266470,240,38400,SW-PEDAL PUSH ON,4Z20,0.01,160,280,240,230,6.25e-05,2.4,154.919333848297,227,Medium
9XF001255J,189,37670,BOLT,8AB23,0.008064,200,280,240,120,4.032e-05,1.5188544,153.357045253581,228,Medium
BW2R67C42,94,18800,CLIP,4A083,0.004032,200,240,140,120,2.016e-05,0.379008,152.687563552151,229,Medium
DN2518881D,230,2293,CONTROL UNIT,Z2066,0.01,10,240,280,240,0.001,2.293,151.888820174004,230,Medium
GJ6A68885,93,93000,FASTENER,4A034,0.004032,1000,240,140,120,4.032e-06,0.374976,151.873224073489,231,Medium
9XG13911X3,185,370000,SCREW 6X25 PC TI TF,8AE65,0.008064,2000,280,240,120,4.032e-06,1.49184,151.464412499994,232,Medium
9X707612X0,92,91840,NUT,8AXXX,0.004032,1000,240,140,120,4.032e-06,0.37029888,151.186017840564,233,Medium
D65133048,228,182338,RING-RET,4B026,0.01,800,240,280,240,1.25e-05,2.279225,151.022358064016,234,Medium
D65146086A,228,4560,BRKT-CABLE,4B031,0.01,20,240,280,240,5e-04,2.28,150.996688705415,235,Medium
D65172973A,228,41040,HOLE COVER,4B032,0.01,180,240,280,240,5.55555555555556e-05,2.28,150.996688705415,236,Medium
D65173973A,228,41040,HOLE COVER,4B032,0.01,180,240,280,240,5.55555555555556e-05,2.28,150.996688705415,237,Medium
9XG036623H,183,182680,NUT,8AE25,0.008064,1000,280,240,120,8.064e-06,1.47313152,150.775344245732,238,Medium
9XG05125X3,182,91000,BOLT&WSHR M8X16 PN,8AA25,0.008064,500,280,240,120,1.6128e-05,1.467648,150.231303144333,239,Medium
994590612,90,162000,BOLT,4A025,0.004032,1800,240,140,120,2.24e-06,0.36288,149.403576166799,240,Medium
9XG10461X0,180,90000,CAP,5DE16,0.008064,500,280,240,120,1.6128e-05,1.45152,149.403576166799,241,Medium
BC1D45916,221,442000,HOLDER-PIPE,4B016,0.01,2000,240,280,240,5e-06,2.21,148.660687473185,242,Medium
994640625,89,97900,BOLT,4A023,0.004032,1100,240,140,120,3.66545454545455e-06,0.358848,148.571237789865,243,Medium
S08462625C,89,44500,STUD-BALL,4A014,0.004032,500,240,140,120,8.064e-06,0.358848,148.571237789865,244,Medium
DN56568D0,220,22000,SW ASSY-TRUNK OPEN,4B023,0.01,100,240,280,240,1e-04,2.2,148.323969741913,245,Medium
DN036756XB,654,20924,BCM COMPT,4Q-,0.03,32,240,560,240,0.0009375,19.61625,147.662342739102,246,Medium
9XF201012M,121,362200,NUT M6 HF PTM 8,8A-,0.005625,3000,250,150,150,1.875e-06,0.679125,146.828550453987,247,Medium
DE9069220A,860,34379,"MIRROR-R VIEW,IN",IZ25,0.04,40,550,350,250,0.001,34.379,146.673559366537,248,Medium
9XG142887L,172,59824,BOLT,8AE14,0.008064,350,280,240,120,2.304e-05,1.37834496,146.504001089206,249,Medium
GJ2168885B75,78,39000,FASTENER,4A071,0.003696,500,240,140,110,7.392e-06,0.288288,145.271800786994,250,Medium
D65161202,85,85000,CAP,4A082,0.004032,1000,240,140,120,4.032e-06,0.34272,145.194177591077,251,Medium
DF7841600A,1256,37680,PEDAL ASSY-ACCEL,Z3026,0.06,30,560,480,240,0.002,75.36,144.683562761405,252,Medium
LF5015205A,207,47430,CAP-RAD,IZ25,0.01,230,240,280,240,4.34782608695652e-05,2.06217391304348,144.147694656428,253,Medium
DN3237YA3A,413,4130,COMPR ASY AIR,4C62-,0.02,10,394,321,191,0.002,8.26,143.701078631999,254,Low
D65143825C,206,41200,CLIP-VAC HOSE,5BC14,0.01,200,240,280,240,5e-05,2.06,143.527000944073,255,Low
9YA020658,83,83000,BOLT,4A046,0.004032,1000,240,140,120,4.032e-06,0.334656,143.475842776118,256,Low
D65168AD2A,205,41000,CLIP,4B032,0.01,200,240,280,240,5e-05,2.05,143.178210632764,257,Low
9YA010509,71,85400,BOLT,5A064,0.004032,1400,240,140,120,2.88e-06,0.245952,143.163784221682,258,Low
ZJ3920310,1221,36630,PIPE ASSY-EGR,4I031,0.06,30,480,560,240,0.002,73.26,142.653426176871,259,Low
DK5268YA2A,145,202360,TAPE MSK,Z1516,0.007161,1400,330,310,70,5.115e-06,1.0350714,142.522308380978,260,Low
DF7145460,81,4031,JOINT-PIPE,4A083,0.004032,50,240,140,120,8.064e-05,0.32505984,142.070320517453,261,Low
9YA020668,81,81000,BOLT,4A041,0.004032,1000,240,140,120,4.032e-06,0.326592,141.73667737846,262,Low
GJ6E51832A,81,81000,GROMMET-SCREW,4A026,0.004032,1000,240,140,120,4.032e-06,0.326592,141.73667737846,263,Low
EA0332C18A,80,12000,HOSE-CLANP,4A052,0.004032,150,240,140,120,2.688e-05,0.32256,140.859042454753,264,Low
9XG010692M,156,70200,SCREW,8AB24,0.008064,450,280,240,120,1.792e-05,1.257984,139.087160066047,265,Low
DR8657730B,384,6902,BELT-B,4Q-21,0.02,18,390,300,230,0.00111111111111111,7.66888888888889,138.664407919845,266,Low
DN2413382,192,38400,INSULATOR-HEAT,4B-54,0.01,200,240,280,240,5e-05,1.92,138.56406460551,267,Low
9XG083322M,153,45820,BOLT,8AE43,0.008064,300,280,240,120,2.688e-05,1.2316416,137.863486121732,268,Low
DN2418861A,570,45598,SENSOR-OXYGEN,4Q-,0.03,80,430,320,230,0.000375,17.09925,137.843510438049,269,Low
DN4857730C,379,6822,BELT-B,IXXXX,0.02,18,380,280,200,0.00111111111111111,7.58,137.658998979362,270,Low
DN3237YA2,561,11206,SE TIR REP,4C-,0.03,20,240,560,240,0.0015,16.809,136.83333835138,271,Low
9XG01054X0,186,185680,FASTENER,8BD35,0.01,1000,280,240,240,1e-05,1.8568,136.499286256899,272,Low
9XG10850X0,75,172340,GROMMET,8AD14,0.004032,2300,240,140,120,1.75304347826087e-06,0.302119513043478,136.449476995007,273,Low
D35262625,75,37500,STUD-BALL,4A081,0.004032,500,240,140,120,8.064e-06,0.3024,136.386181397495,274,Low
EG2151146,75,37500,FASTENER-LAMP,4A014,0.004032,500,240,140,120,8.064e-06,0.3024,136.386181397495,275,Low
DL413298002,1645,8225,BOSS ASSY-STEER,4STW,0.09,5,400,400,617,0.018,148.05,135.195331937822,276,Low
ZJ38188G1C,548,17536,SENS A/F RATIO,4C024,0.03,32,240,560,240,0.0009375,16.44,135.154232884755,277,Low
DN326124YA,1112,45660,HOSE ASSY-WATER;#2,4Z3071,0.06,40,480,560,230,0.0015,68.49,134.366561692831,278,Low
D65156651,1030,41200,STAY-BONNET,4B60-R,0.06,40,240,1120,240,0.0015,61.8,131.021626713557,279,Low
DK5066151,170,15300,SWITCH-IGNITION,4B45--,0.01,90,240,280,240,0.000111111111111111,1.7,130.384048104053,280,Low
G51861764,68,8836,SENSOR-AMBIENT,4A084,0.004032,130,240,140,120,3.10153846153846e-05,0.274051938461538,129.895011749226,281,Low
DN1439080,504,8061,BRKT-ENG;#4,4Q-,0.03,16,240,560,240,0.001875,15.114375,129.638930595767,282,Low
D35467519,67,40200,CLIP,4A032,0.004032,600,240,140,120,6.72e-06,0.270144,128.907189450641,283,Low
DN4866960A,659,92078,SPEAKER ASSY,4I23--,0.04,140,550,490,180,0.000285714285714286,26.308,128.481766173316,284,Low
DN244655Y,163,8150,BRKT-CABLE,4B74--,0.01,50,240,280,240,2e-04,1.63,127.671453348037,285,Low
GJ6A50ES1,161,80500,GROMMET,4B023,0.01,500,240,280,240,2e-05,1.61,126.885775404495,286,Low
9XG001332M,129,180120,SCREW&WSHR 5.9X23 H,8AD44,0.008064,1400,280,240,120,5.76e-06,1.0374912,126.647756077539,287,Low
GJ2168885B36,59,29500,FASTENER,4A061,0.003696,500,240,140,110,7.392e-06,0.218064,126.345571601079,288,Low
D65167420,957,19140,"ARM&BLADE SET,R",4I055,0.06,20,480,560,240,0.003,57.42,126.293309403151,289,Low
BN8V50715A,64,64000,FASTENER,4A085,0.004032,1000,240,140,120,4.032e-06,0.258048,125.988157669742,290,Low
DN241886ZC,476,38080,SENS SUBASSY-OXYGEN,4Q-,0.03,80,430,320,230,0.000375,14.28,125.962957517941,291,Low
DK4963YB1A,156,38800,BRKT L C DR LFT ON,5BT51,0.01,250,240,280,240,4e-05,1.552,125.221453318247,292,Low
DP0418884A,467,37358,BRKT-C/UNIT,4D,0.03,80,480,290,240,0.000375,14.00925,124.769788188541,293,Low
DK4963YB2A,155,38750,BRKT L C DR LFT ON,5BT53,0.01,250,240,280,240,4e-05,1.55,124.498995979887,294,Low
DN0361YC1,156,39358,SDR ASY LOW AIR TEM,5B021,0.01,250,240,280,240,4e-05,1.57432,124.330617893828,295,Low
C20113460,113,45200,GSKT ASSY-EXH MANI,5A37X,0.007392,400,280,240,110,1.848e-05,0.835296,123.639785412288,296,Low
9XG022369L,119,29750,BOLT,8AA33,0.0078,250,300,200,130,3.12e-05,0.9282,123.516841994969,297,Low
DN321553X,913,45609,PIPE&HOSE ASSY-W,4IE5,0.06,50,480,560,230,0.0012,54.7308,123.411286432483,298,Low
DK4964950B68,451,3157,"PANEL ASSY-SIDE,RH",4C-,0.03,7,240,560,240,0.00428571428571429,13.53,122.610494384997,299,Low
DK496452068,449,3135,"COVER ASSY-UNDER,RH",4C-,0.03,7,240,560,240,0.00428571428571429,13.4357142857143,122.49432279698,300,Low
DN3213381,150,7500,INSULATOR-HEAT,Z2061,0.01,50,240,280,240,2e-04,1.5,122.474487139159,301,Low
DP0418881K,893,17860,CONTROL UNIT,IIXXX,0.06,20,560,490,250,0.003,53.58,121.997267728967,302,Low
DG9972863,148,44400,PAD,4B033,0.01,300,240,280,240,3.33333333333333e-05,1.48,121.655250605964,303,Low
9XF006342M,119,45140,SCREW,8AXXX,0.008064,380,280,240,120,2.1221052631579e-05,0.957918315789474,121.585762516946,304,Low
DK4964960D68,441,3087,"PANEL ASSY-SIDE,LH",4Q-,0.03,7,240,560,240,0.00428571428571429,13.23,121.243556529821,305,Low
DK4373YA3A91,146,6962,CVR ASY RR DR WDO G,4HU16,0.01,48,480,290,120,0.000208333333333333,1.45041666666667,121.228983880117,306,Low
GAL169470B75,869,34760,HANDLE-ASSIST,4I045,0.06,40,480,560,240,0.0015,52.14,120.346721323571,307,Low
DL3355540,430,20640,IND SEAT BELT,4CC08,0.03,48,240,560,240,0.000625,12.9,119.721899973786,308,Low
DN3215909,426,42597,BELT-V RIB,4Q-,0.03,100,240,560,280,3e-04,12.7791,119.167949006549,309,Low
B61220468,141,84600,CLIP,4B025,0.01,600,240,280,240,1.66666666666667e-05,1.41,118.743420870379,310,Low
9X701107X3,137,273520,SCREW-TAPPING,8AB13,0.0098,2000,280,250,140,4.9e-06,1.340248,118.339024035919,311,Low
BR7051264,140,210000,HOLE PLUG,4B016,0.01,1500,240,280,240,6.66666666666667e-06,1.4,118.321595661992,312,Low
9YA420602,56,100362,BOLT-EARTH,4A056,0.004032,1800,240,140,120,2.24e-06,0.22481088,118.10801327541,313,Low
9XG034042M,112,89600,BOLT,8AD34,0.008064,800,280,240,120,1.008e-05,0.903168,117.851130197758,314,Low
9YA020661,56,25200,BOLT,4A044,0.004032,450,240,140,120,8.96e-06,0.225792,117.851130197758,315,Low
DK4363YB3C,277,13824,SPG L C DR,Z2071,0.02,50,380,280,240,4e-04,5.5296,117.796642144261,316,Low
9XG035052M,110,1097840,CLIP,8AA16,0.008064,10000,280,240,120,8.064e-07,0.885298176,116.908987811232,317,Low
D65156652,136,40800,HOLDER-ROD,4B031,0.01,300,240,280,240,3.33333333333333e-05,1.36,116.619037896906,318,Low
DJ3539040A,396,7920,RUB-E/MTG;#1,4Q-,0.03,20,240,560,240,0.0015,11.88,114.891252930761,319,Low
994500616,53,79500,BOLT,4A013,0.004032,1500,240,140,120,2.688e-06,0.213696,114.650954072966,320,Low
DN0357K30,394,11820,SAS UNIT,4Q-,0.03,30,240,560,240,0.001,11.82,114.600756251141,321,Low
9XG13939X0,121,181500,RIVET PUSH PIN 10X3,8AE11,0.009216,1500,240,160,240,6.144e-06,1.115136,114.583333333333,322,Low
DJ5143825A,131,45850,CLIP-VAC HOSE,4B78,0.01,350,240,280,240,2.85714285714286e-05,1.31,114.455231422596,323,Low
DN3256620A,392,10976,LATCH ASSY-BONNET,4Q-,0.03,28,480,280,240,0.00107142857142857,11.76,114.309521329882,324,Low
DL4046030,130,4160,KNOB-CHANGE,4B033,0.01,32,240,280,240,0.0003125,1.3,114.017542509914,325,Low
GAL269470B75,780,31200,HANDLE-ASSIST,4I062,0.06,40,480,560,240,0.0015,46.8,114.017542509914,326,Low
FD0168AC3,129,258000,FASTENER,4B023,0.01,2000,240,280,240,5e-06,1.29,113.578166916005,327,Low
9YA010510,52,78000,BOLT,4A036,0.004032,1500,240,140,120,2.688e-06,0.209664,113.564190644874,328,Low
9YB120607,52,78000,WASHER AND NUT,4A072,0.004032,1500,240,140,120,2.688e-06,0.209664,113.564190644874,329,Low
D651624B0B,127,19050,SWITCH ASSY-OPEN,4B031,0.01,150,240,280,240,6.66666666666667e-05,1.27,112.694276695846,330,Low
9XG037157L,101,181800,SCREW,8AE11,0.008064,1800,240,280,120,4.48e-06,0.814464,111.914259981924,331,Low
9YA021064,50,4500,BOLT,4A052,0.004032,90,240,140,120,4.48e-05,0.2016,111.358850796843,332,Low
FNFB199G1,367,36700,HOSE-OIL,4DB08,0.03,100,240,560,240,3e-04,11.01,110.60440015358,333,Low
G05425421,49,49000,CLIP,IAXXX,0.004032,1000,240,140,120,4.032e-06,0.197568,110.239637961025,334,Low
C23556860,364,38220,LEVERR-OPENER,4C031,0.03,105,240,560,240,0.000285714285714286,10.92,110.151410945722,335,Low
F15158866,358,358000,PLUG-HOLE,4C021,0.03,1000,240,560,240,3e-05,10.74,109.239797387826,336,Low
9XG000057L,92,73440,BOLT,8AD43,0.0078,800,300,200,130,9.75e-06,0.71604,108.72243872961,337,Low
DN3266YH1,347,21861,SW ASY HD LP DMR,4IF3--,0.03,63,560,240,240,0.000476190476190476,10.41,107.548438699345,338,Low
D65167B1X,115,4600,BRKT ASSY,4B031,0.01,40,240,280,240,0.00025,1.15,107.238052947636,339,Low
9XG054481M,92,182820,NUT,8AF15,0.008064,2000,280,240,120,4.032e-06,0.73713024,107.155807486272,340,Low
GJ6E50715B,46,92000,FASTENER,4A025,0.004032,2000,240,140,120,2.016e-06,0.185472,106.811657410276,341,Low
DP0757L90H,455,4550,"BELT-B,P/TENS",DGP,0.04,10,570,490,150,0.004,18.2,106.653645038508,342,Low
ZJ0116410,678,2712,COVER ASSY-CLUTCH,4I021,0.06,4,480,560,240,0.015,40.68,106.301458127347,343,Low
GJ6A58512,329,329000,HOLDER-GLASS,4C036,0.03,1000,240,560,240,3e-05,9.87,104.721853816033,344,Low
DK5157K1XA,219,45990,"D/SENSOR-AIRBAG,CTR",Z2065,0.02,210,350,270,270,9.52380952380952e-05,4.38,104.642247682282,345,Low
C60225741,328,45919,BRKT,4IBXX,0.03,140,240,560,240,0.000214285714285714,9.83978571428571,104.563719490828,346,Low
DN3250891,44,92340,SPACER,4B44--,0.004032,2100,240,140,120,1.92e-06,0.1772928,104.497795119784,347,Low
DN326122Y,652,45600,PIPE ASSY-WATER,4IF4,0.06,70,480,560,230,0.000857142857142857,39.0857142857143,104.28901586653,348,Low
DN7409010A,106,424,KEY SET,4H-,0.01,4,240,560,120,0.0025,1.06,102.95630140987,349,Low
H26061895,42,83963,RIVET-PLASTIK,4A025,0.004032,2000,240,140,120,2.016e-06,0.169269408,102.084558000915,350,Low
9XG065577L,84,84000,BOLT&WSHR M6X16,8FXXX,0.008064,1000,280,240,120,8.064e-06,0.677376,102.062072615966,351,Low
DN3255YH1,618,45721,KIT TRANS 2ND & 3RD,Z3041,0.06,74,560,480,240,0.000810810810810811,37.0710810810811,101.501123508723,352,Low
9XF204122M,82,343120,NUT,8AA23,0.008064,4200,280,240,120,1.92e-06,0.6587904,101.027643117971,353,Low
DK496625YA,96,46368,PLUG&SOCKET ASSY,5BT61,0.01,500,240,280,240,2e-05,0.92736,99.6889572558454,354,Low
DK4956786B,297,92063,RUBBER-STOP,5BT45,0.03,310,240,560,280,9.67741935483871e-05,8.90932258064516,99.5025263267351,355,Low
GJ6A58975,292,1752000,GROMMET-SCREW,4C034,0.03,6000,240,560,240,5e-06,8.76,98.657657246325,356,Low
D65255540A,290,13920,IND SEAT BELT,4C-,0.03,48,240,560,240,0.000625,8.7,98.3192080250175,357,Low
GAL269470B30,579,23160,HANDLE-ASSIST,4I035,0.06,40,480,560,240,0.0015,34.74,98.2344135219425,358,Low
DN3466120B,477,2385,SWITCH-COMBI,Z3018,0.05,5,600,400,220,0.01,23.85,97.6729235765982,359,Low
BN7N66490,94,9400,SW-STOP LAMP,4B-5A,0.01,100,240,280,240,1e-04,0.94,96.9535971483266,360,Low
9XG027512M,75,149680,NUT&WSHR M6 HX PTM,8AC51,0.008064,2000,280,240,120,4.032e-06,0.60350976,96.5426275096743,361,Low
BBN758867,37,37000,VALVE-ONEWAY,A10F3,0.004032,1000,240,140,120,4.032e-06,0.149184,95.7945055918517,362,Low
997016050,37,22200,BULB,4A085,0.004032,600,240,140,120,6.72e-06,0.149184,95.7945055918517,363,Low
ZJ0216460,274,2740,DISC ASSY-CLUTCH,4C023,0.03,10,240,560,240,0.003,8.22,95.5684745788763,364,Low
DP0441600A,271,8130,PEDAL ASSY-ACCEL,Z3044,0.03,30,560,480,120,0.001,8.13,95.0438495292217,365,Low
DK4956652A,89,44120,HOLDER-ROD,5BT43,0.01,500,240,280,240,2e-05,0.8824,94.7452087359698,366,Low
DN2419960A,268,8040,BRKT ASSY,4Q-,0.03,30,470,280,230,0.001,8.04,94.5163125250522,367,Low
DK4959YA1A68,89,177980,CVR SC(IRH SCREW CO,4B73--,0.01,2000,310,210,220,5e-06,0.8899,94.3451117566362,368,Low
DG9956930,266,26600,"DAMPER-LID STAY,RH",4C042,0.03,100,240,560,240,3e-04,7.98,94.1629792788369,369,Low
9XF001222M,70,21000,BOLT,8AB33,0.008064,300,280,240,120,2.688e-05,0.56448,93.1694990624912,370,Low
9XG05365X0,70,87500,NUT 7 2X14 2 EXP SP,8AA13,0.008064,1250,280,240,120,6.4512e-06,0.56448,93.1694990624912,371,Low
DN3260K10B68,1039,5192,BOLSTER ASSY-KNEE,4DGP,0.12,5,480,560,480,0.024,124.608,93.0770445512395,372,Low
DN3215202,259,90650,RUBBER-MOUNT,4Q-,0.03,350,240,560,240,8.57142857142857e-05,7.77,92.9157324317757,373,Low
ZJ3815909C,514,41120,BELT-V RIB,4I052,0.06,80,480,560,240,0.00075,30.84,92.5562891794321,374,Low
DN3242240,1021,45916,COVER-DUST,Z40,0.12,45,560,480,480,0.00266666666666667,122.442666666667,92.2697517909624,375,Low
DP01437A6,85,101973,RUBBER-MOUNT,IXX,0.01,1200,240,280,240,8.33333333333333e-06,0.849775,92.2076493342387,376,Low
DN1439040C,253,8096,RUB-E/MTG;#1,4Q-,0.03,32,240,560,240,0.0009375,7.59,91.8331820930394,377,Low
GJ6A50897,34,136000,"SPACER,C",4A042,0.004032,4000,240,140,120,1.008e-06,0.137088,91.8288608365566,378,Low
9XG09930AF,68,170000,NUT M6 HF SERR,8AA62,0.008064,2500,280,240,120,3.2256e-06,0.548352,91.8288608365566,379,Low
DN3246086,84,7560,BRKT-CABLE,4B--,0.01,90,240,280,240,0.000111111111111111,0.84,91.6515138991168,380,Low
DK4362761B,584,6995,WTHSTP-LIFTGATE,4ID1--,0.07,12,520,520,280,0.00583333333333333,40.8041666666667,91.42407831296,381,Low
DN0351721,67,20100,ORNAMENT,4AL31,0.008064,300,240,140,240,2.688e-05,0.540288,91.1511478042473,382,Low
DN3237YA1,993,34671,PLT ASY SPR WHL RET,4C,0.12,35,480,560,480,0.00342857142857143,118.872,91.0771566062617,383,Low
DN2556620B,233,8170,LATCH ASSY-BONNET,"",0.03,36,280,480,240,0.000833333333333333,6.80833333333333,89.2967218254051,384,Low
DN2415185B,1336,8015,"HOSE-WATER,LOW",4IXXX,0.17,6,980,560,320,0.0283333333333333,227.091666666667,88.6555358896911,385,Low
D65168615A02,78,78000,NUT-FLANGE CAP,4B031,0.01,1000,240,280,240,1e-05,0.78,88.3176086632785,386,Low
DK4967C91B,232,185600,CLIP,4Q-,0.03,800,240,560,240,3.75e-05,6.96,87.9393730551528,387,Low
DP743298002,927,5559,BOSS ASSY-STEER,4B40,0.12,6,480,560,480,0.02,111.18,87.9156920877754,388,Low
DK4350YM1,25,40160,YK ASY-HTR RR AIR,4FL41,0.004032,2000,240,140,120,2.016e-06,0.08096256,87.8613541979637,389,Low
GS1D51441,77,23100,LENS,4B-5A,0.01,300,240,280,240,3.33333333333333e-05,0.77,87.7496438739212,390,Low
D35367519,31,18600,CLIP,4A031,0.004032,600,240,140,120,6.72e-06,0.124992,87.6840468015252,391,Low
DP0413740A,910,45500,HOSE ASSY-VENT,4I58--,0.12,50,480,560,480,0.0024,109.2,87.0823365174209,392,Low
9XF202022M,60,89840,NUT,8AB35,0.008064,1500,280,240,120,5.376e-06,0.48297984,86.3349712524577,393,Low
9XF055847L,60,90000,BOLT M6X20 PN TI PI,8AD53,0.008064,1500,280,240,120,5.376e-06,0.48384,86.2581949177943,394,Low
DK4951580D,220,7040,LAMP-H/MT STOP,4Q-,0.03,32,400,290,300,0.0009375,6.6,85.6348838577675,395,Low
B25S62877A,73,43800,RUBBER-STOP,4B025,0.01,600,240,280,240,1.66666666666667e-05,0.73,85.4400374531753,396,Low
DN3466120C,362,1810,SWITCH-COMBI,ZAA,0.05,5,600,400,220,0.01,18.1,85.0881895447306,397,Low
DN3215242,72,90000,RUBBER-MOUNT BRKT,4Q-,0.01,1250,240,280,240,8e-06,0.72,84.8528137423857,398,Low
9XG005162M,51,56100,BOLT&WSHR M6X20 HF,8AC45,0.007084,1100,280,230,110,6.44e-06,0.361284,84.8488209506398,399,Low
DE9069220B,287,11480,MIRROR-R VIEW.IN,IZ25,0.04,40,550,350,250,0.001,11.48,84.7053717304871,400,Low
DJ3539080A,214,2572,BRKT-ENG;#4,IZ25,0.03,12,240,560,240,0.0025,6.43,84.3933617195856,401,Low
DK4363YH1,211,13926,SLV SPG L/C DR,4Q-,0.03,66,240,560,240,0.000454545454545455,6.33,83.8649708360608,402,Low
DK5166151,33,3960,SWITCH-IGNITION,4Z20,0.004704,120,240,140,140,3.92e-05,0.155232,83.7574242825613,403,Low
9XF001242M,56,15120,BOLT,8AD65,0.008064,270,280,240,120,2.98666666666667e-05,0.451584,83.3333333333333,404,Low
DN3417530,206,20540,BREATHER ASSY,4J71-,0.03,100,560,480,120,3e-04,6.162,82.9862945868578,405,Low
D6516124YB,413,41300,HOSE ASSY-WATER;#2,4I065,0.06,100,480,560,240,6e-04,24.78,82.9658564310243,406,Low
D6516124X,412,41200,HOSE ASSY-WATER;#1,4I066,0.06,100,480,560,240,6e-04,24.72,82.8653526310404,407,Low
9XF002107L,37,92500,BOLT,8AD44,0.0054,2500,300,200,90,2.16e-06,0.1998,82.7759134763963,408,Low
D65134111A,411,82200,STOP-BUMP,4I054,0.06,200,480,560,240,3e-04,24.66,82.7647267862343,409,Low
B00156051,205,819547,PLUG-HOLE,4DD11,0.03,4000,240,560,240,7.5e-06,6.1466025,82.6868213196237,410,Low
9XG11215X0,55,38500,PLUG PNL 16X22X0.7-,5AB14,0.008064,700,280,240,120,1.152e-05,0.44352,82.5859340804263,411,Low
DK4462877,136,13580,RUBBER-STOP,4B-,0.02,100,360,260,240,2e-04,2.716,82.5228133763052,412,Low
DN2418881C,808,8080,CONTROL UNIT,Z2046,0.12,10,480,560,480,0.012,96.96,82.0568908339411,413,Low
DA9M18881A,400,7940,CONTROL UNIT,Z30,0.06,20,560,480,250,0.003,23.82,81.9575774435764,414,Low
DN0157KM0,199,1194,"A/B-CURTAIN,RH",4DGP,0.03,6,570,380,150,0.005,5.97,81.4452781524708,415,Low
9XG020422M,53,6617,BOLT,8AE62,0.008064,125,280,240,120,6.4512e-05,0.426875904,81.1194596761567,416,Low
DN0157KN0,197,1182,"A/B-CURTAIN,LH",4DGP,0.03,6,570,380,150,0.005,5.91,81.0349718742881,417,Low
DN3266DHXE,390,27300,ADAPTER ASSY-TEL,Z3094,0.06,70,560,480,240,0.000857142857142857,23.4,80.6225774829855,418,Low
DK4951580E,191,5995,LAMP-H/MT STOP,4Q-,0.03,32,400,300,300,0.0009375,5.6203125,80.5662473451953,419,Low
DN3267KB1,323,32195,CAP-BAT,4I54--,0.05,100,550,480,220,5e-04,16.0975,80.5050836214446,420,Low
9YA420501,26,78000,BOLT,4A054,0.004032,3000,240,140,120,1.344e-06,0.104832,80.3020093049526,421,Low
DN575777ZA,26,2600,"ANCHOR-SEAT,BELT",4A022,0.004032,100,240,140,120,4.032e-05,0.104832,80.3020093049526,422,Low
DN3258330A68,766,42896,"HANDLE ASSY-IN,RH",Z3068,0.12,56,480,560,480,0.00214285714285714,91.92,79.8957654280459,423,Low
DN3259330A68,766,42896,"HANDLE ASSY-IN,LH",Z30C1,0.12,56,480,560,480,0.00214285714285714,91.92,79.8957654280459,424,Low
D65146100D,445,3560,LEVER ASSY-CHANGE,4LA-R,0.07,8,970,320,230,0.00875,31.15,79.7316929278619,425,Low
9XG00673X0,63,201600,CLIP,8BC61,0.01,3200,280,240,240,3.125e-06,0.63,79.3725393319377,426,Low
DN2466600,112,24480,SW-RMT MIRROR,4Q-,0.02,240,420,310,190,8.33333333333333e-05,2.04,78.4156847055686,427,Low
DN3251580B,184,5888,LAMP-H/MT STOP,IZ20,0.03,32,400,300,300,0.0009375,5.52,78.3156008298049,428,Low
9XG14309ZA,48,192000,SCREW 4 8X19 PC TI,8AC63,0.008064,4000,280,240,120,2.016e-06,0.387072,77.151674981046,429,Low
C20113382,24,10800,INSULATOR-HEAT,5BXXX,0.004032,450,240,140,120,8.96e-06,0.096768,77.151674981046,430,Low
DJ4934111,356,53374,STOP-BUMP,4I066,0.06,150,480,560,240,4e-04,21.3496,77.0468924063944,431,Low
DN3237YA3,711,7100,COMPR ASY AIR,4C62-,0.12,10,480,560,480,0.012,85.2,77.0282095755999,432,Low
DP5756930,176,17600,"DAMPER-LID STAY,RH",4C046,0.03,100,240,560,240,3e-04,5.28,76.5941686205071,433,Low
DN3251580A,175,5600,LAMP-H/MT STOP,IZ20X,0.03,32,400,300,300,0.0009375,5.25,76.3762615825973,434,Low
9XF03923AG,58,92640,BOLT&WSHR,8AJ16,0.01,1600,280,240,240,6.25e-06,0.579,76.2234692936314,435,Low
EG2161205A,58,86969,NUT,4B023,0.01,1500,240,280,240,6.66666666666667e-06,0.579793333333333,76.1713030171312,436,Low
DR7867B21,58,6960,BRKT,4H53--,0.01,120,280,480,120,8.33333333333333e-05,0.58,76.1577310586391,437,Low
DK4351146A,25,10000,FASTENER-LAMP,IXXXX,0.00432,400,240,150,120,1.08e-05,0.108,76.0725774312731,438,Low
994500612,23,39100,BOLT,4A153,0.004032,1700,240,140,120,2.37176470588235e-06,0.092736,75.5272472645805,439,Low
D65168301A,23,39100,STRAP-HANGER,4A033,0.004032,1700,240,140,120,2.37176470588235e-06,0.092736,75.5272472645805,440,Low
DR61664H0,114,17100,SW-HAZARD,4C026,0.02,150,370,290,250,0.000133333333333333,2.28,75.4983443527075,441,Low
D06142235,56,83946,CLIP,4B021,0.01,1500,240,280,240,6.66666666666667e-06,0.55964,74.8572128506961,442,Low
DK5163YE3,45,76462,RET RR ST BK TRIM,4B--,0.008064,1700,280,240,120,4.74352941176471e-06,0.362699745882353,74.7203483835832,443,Low
C20317495,45,6750,PLUG,5B43,0.008064,150,280,240,120,5.376e-05,0.36288,74.7017880833996,444,Low
D65167519,55,55000,CLIP,4B031,0.01,1000,240,280,240,1e-05,0.55,74.1619848709566,445,Low
GJ6A42252A,55,41250,RING-O,4B023,0.01,750,240,280,240,1.33333333333333e-05,0.55,74.1619848709566,446,Low
DK5166YH1,328,23615,SW ASY HD LP DMR,4I61,0.06,72,560,480,240,0.000833333333333333,19.6791666666667,73.9384754911166,447,Low
9XG00092X3,44,101117,SCREW & WSHR 4.8X19,8AD16,0.008064,2300,280,240,120,3.50608695652174e-06,0.354524994782609,73.8974150335389,448,Low
9XG00185X0,22,19800,FASTENER 8X20 PSH,8AD32,0.004032,900,240,140,120,4.48e-06,0.088704,73.8671050356599,449,Low
DK5157KC0A,109,22890,SENS SIDE-IMPACT,Z2023,0.02,210,360,240,250,9.52380952380952e-05,2.18,73.824115301167,450,Low
D65155225,163,43032,COVER-HOLE,4C95X,0.03,264,240,560,240,0.000113636363636364,4.89,73.7111479583199,451,Low
DK4951580F,159,5053,LAMP-H/MT STOP,M140,0.03,32,400,300,300,0.0009375,4.7371875,73.0527950514748,452,Low
9XF003312M,43,7310,BOLT,8AM14,0.008064,170,280,240,120,4.74352941176471e-05,0.346752,73.022881823722,453,Low
9XG09047X0,43,7740,CLIP,8AB12,0.008064,180,280,240,120,4.48e-05,0.346752,73.022881823722,454,Low
DN2813382A,158,3130,INSULATOR-HEAT,4C--,0.03,20,240,560,240,0.0015,4.695,72.9187623310592,455,Low
DP763298002,629,3774,BOSS ASSY-STEER,4B40,0.12,6,480,560,480,0.02,75.48,72.3993554299116,456,Low
BN8V72608,5,10000,"PROTECTOR-CHAN,RH",4A-,0.001,2000,100,100,100,5e-07,0.005,70.7106781186548,457,Low
DR7751721,20,3000,ORNAMENT,4B33--,0.004032,150,240,140,120,2.688e-05,0.08064,70.4295212273764,458,Low
BN8V68AD2,146,43800,CLIP,4C032,0.03,300,240,560,240,1e-04,4.38,69.7614984548545,459,Low
DK4966938,298,45742,ANT-COIL,4I--,0.06,150,540,350,360,4e-04,18.2968,69.6672541419627,460,Low
DK4373YA4A91,145,6960,CVR ASY-RR DR WDO I,4H-,0.03,48,240,560,240,0.000625,4.35,69.5221787153807,461,Low
GAL169470B30,289,11560,HANDLE-ASSIST,4I056,0.06,40,480,560,240,0.0015,17.34,69.4022093788567,462,Low
TD1156694,48,288000,FASTENER,4B024,0.01,6000,240,280,240,1.66666666666667e-06,0.48,69.2820323027551,463,Low
DN3466350,584,37779,SW-P/W MAIN,4Z3047,0.12,63,480,560,480,0.0019047619047619,71.96,68.8441860772758,464,Low
D20450896A,19,38000,FASTENER-WINDOW,4AXXX,0.004032,2000,240,140,120,2.016e-06,0.076608,68.6462059206595,465,Low
D20550896A,19,38000,FASTENER-WINDOW,4A082,0.004032,2000,240,140,120,2.016e-06,0.076608,68.6462059206595,466,Low
C23556862,46,36800,KNOB-FILLER,4B016,0.01,800,240,280,240,1.25e-05,0.46,67.8232998312527,467,Low
D20167H51,276,82800,COVER-HOLE,4I053,0.06,300,480,560,240,2e-04,16.56,67.8232998312527,468,Low
C20140081,46,7825,BRKT-HANGER,4B76X,0.01,170,240,280,240,5.88235294117647e-05,0.460294117647059,67.8016275827904,469,Low
9XG03168X3,29,174000,SCREW 5X12 PAN FLNG,8AD53,0.006384,6000,240,190,140,1.064e-06,0.185136,67.398861387198,470,Low
9XG117312M,44,85840,BOLT&WSHR M6X12 HX,8AE53,0.01,2000,240,240,240,5e-06,0.4292,67.161876195993,471,Low
DK4950YH1D95,575,45958,RET W SHLD O S UPR,Z82-J,0.13,80,970,570,250,0.001625,74.68175,66.5365995169282,472,Low
DF7532980C02,381,1905,BOSS ASSY-STEER,4STW,0.09,5,390,390,620,0.018,34.29,65.0640709864771,473,Low
D65255210,504,5040,"PANEL ASSY,CTR",4-B40,0.12,10,480,560,480,0.012,60.48,64.8074069840786,474,Low
DN3217530,42,25200,BREATHER ASSY,5BU11,0.01,600,240,280,240,1.66666666666667e-05,0.42,64.8074069840786,475,Low
9XG136250L,33,108900,NUT CLIP M6X0 65-1,8AD16,0.008064,3300,280,240,120,2.44363636363636e-06,0.266112,63.9707894648949,476,Low
DK4950YH2D95,571,45679,RET W SHLD O S UPR,Z82-J,0.14,80,980,580,260,0.00175,79.93825,63.8643931799273,477,Low
DJ3534111,241,48174,STOP-BUMP,4I051,0.06,200,480,560,240,3e-04,14.4522,63.3942781543056,478,Low
DN345933068,481,46175,HANDLE ASSY-IN.LH,4I62-,0.12,96,480,560,480,0.00125,57.71875,63.3120852663124,479,Low
DN345833068,480,46080,HANDLE ASSY-IN.RH,4I63--,0.12,96,480,560,480,0.00125,57.6,63.2455532033676,480,Low
DN2443490A,476,7135,HOSE ASSY-VACUUM,4I041,0.12,15,480,560,480,0.008,57.08,63.0035426863453,481,Low
997350510,16,16000,SCREW-TAPPING,3A112,0.004032,1000,240,140,120,4.032e-06,0.064512,62.9940788348712,482,Low
9XF05142AF,32,83200,SCREW M5X12 HF -0-,8AE14,0.008064,2600,280,240,120,3.10153846153846e-06,0.258048,62.9940788348712,483,Low
DK496466091,237,3555,RECPT ASY-CNSL PNL ASH,4I023,0.06,15,480,560,240,0.004,14.22,62.8490254498827,484,Low
D65142462A,129,43100,STOPPER,4B026,0.03,300,240,560,240,1e-04,4.31,62.1371135608224,485,Low
DK4361ZB1,226,45180,SE VEN AIR INLT DCT,4I35--,0.06,200,560,480,240,3e-04,13.554,61.3867581089189,486,Low
D65151440A,113,22600,LAMP-CARGO ROOM,4C045,0.03,200,240,560,240,0.00015,3.39,61.3731754650732,487,Low
LC6269261B75,112,67200,ADAPTER-CTR,4C041,0.03,600,240,560,240,5e-05,3.36,61.1010092660779,488,Low
DK5151146,15,150000,FASTENER-LAMP,4C--,0.004032,10000,240,140,120,4.032e-07,0.06048,60.9937545592833,489,Low
DN2809010E,37,740,KEY SET,IB-,0.01,20,400,300,120,5e-04,0.37,60.8276253029822,490,Low
DN63675D0,221,19890,KEYLESS COMPT,4I063,0.06,90,480,560,240,0.000666666666666667,13.26,60.6904715201104,491,Low
9XG02815X3,29,145000,NUT SPG 4.8X0.9-2 U,8AC14,0.008064,5000,280,240,120,1.6128e-06,0.233856,59.9685764274104,492,Low
DK4966600,104,20798,SW-RMT MIRROR,4Q-,0.03,200,240,560,240,0.00015,3.1197,58.8812366722572,493,Low
DN2809010C,68,1360,KEY SET,IZ15,0.02,20,380,300,210,0.001,1.36,58.309518948453,494,Low
DN2456620B,98,3480,LATCH ASSY-BONNET,"",0.03,36,280,480,240,0.000833333333333333,2.9,57.547581512441,495,Low
DN3215YA1,33,32996,PLG HSG THERMO,Z20-J,0.01,1000,270,250,230,1e-05,0.32996,57.4491083350362,496,Low
BC0117640,33,7722,SWITCH;BACK UP LAMP,4HXXX,0.01,234,240,280,240,4.27350427350427e-05,0.33,57.4456264653803,497,Low
DK4966151,33,3960,SWITCH-IGNITION,4B71--,0.01,120,240,280,240,8.33333333333333e-05,0.33,57.4456264653803,498,Low
9XG14956AJ,26,64252,SCREW 4X14 PC TIR,8A-,0.008064,2500,280,240,120,3.2256e-06,0.2072512512,57.1116578851358,499,Low
994500820,13,9100,BOLT,4A012,0.004032,700,240,140,120,5.76e-06,0.052416,56.7820953224372,500,Low
9XF005212M,26,7800,SCREW,8AD54,0.008064,300,280,240,120,2.688e-05,0.209664,56.7820953224372,501,Low
9XG032462M,26,7800,CLIP,8FXXX,0.008064,300,280,240,120,2.688e-05,0.209664,56.7820953224372,502,Low
DF7843481A,32,3200,HOSE-VACUUM,4B032,0.01,100,240,280,240,1e-04,0.32,56.5685424949238,503,Low
DN6439070,96,768,RUB-E/MTG;#4,4C033,0.03,8,240,560,240,0.00375,2.88,56.5685424949238,504,Low
Y60118371B,32,384,BRKT-ALT,4B58--,0.01,12,240,280,240,0.000833333333333333,0.32,56.5685424949238,505,Low
9XG10706X3,25,48920,STUD,8AA25,0.008064,2000,280,240,120,4.032e-06,0.19724544,56.2906835949383,506,Low
D65141920B,95,4560,CYLINDER ASSY-REL,4QXXX,0.03,48,240,560,240,0.000625,2.85,56.2731433871138,507,Low
DN4851180B,377,6032,"HOUSING ASSY,LH",4D--J,0.12,16,560,450,480,0.0075,45.24,56.0505724026675,508,Low
DN4851170B,376,6016,"HOUSING ASSY,RH",4D--J,0.12,16,560,450,480,0.0075,45.12,55.9761854124889,509,Low
DK4956YB1A,373,44755,FUN FU FILL,4I35,0.12,120,480,560,480,0.001,44.755,55.7555431714821,510,Low
FNF119880B,185,37000,GAGE-OIL LEVEL,4E,0.06,200,240,1120,240,3e-04,11.1,55.5277708298589,511,Low
9XG02686X0,92,184000,PLUG 19.0X2.0X3.5,8DA21,0.03,2000,280,480,240,1.5e-05,2.76,55.3774924194538,512,Low
DN321886ZB,91,7280,SENS SUBASSY-OXYGEN,4Q-,0.03,80,430,320,230,0.000375,2.73,55.075705472861,513,Low
W02343635A,11,3981,CLIP-FLEXIBLE HOSE,4A10X,0.004032,400,240,140,120,1.008e-05,0.04012848,54.9118822190064,514,Low
9XG00876X7,24,33598,NUT U SPG,8AC44,0.008064,1400,280,240,120,5.76e-06,0.19352448,54.5560962765025,515,Low
D651664H0,89,24030,SW-HAZARD,4B95,0.03,270,240,560,240,0.000111111111111111,2.67,54.4671154612273,516,Low
9XG03063X0,87,87000,PLUG 40X0.7-3.0 PNL,8CD16,0.03,1000,280,480,240,3e-05,2.61,53.8516480713451,517,Low
D65156031A,29,1015,CLAMP-BATTERY,APC27,0.01,35,560,240,120,0.000285714285714286,0.29,53.851648071345,518,Low
9XG13610X0,84,336000,TRIM PIN 6 5X2-4 5,8DA61,0.03,4000,470,280,240,7.5e-06,2.52,52.9150262212918,519,Low
DK516039XA,167,183690,CLIP ASSY,4B13--,0.06,1100,560,480,240,5.45454545454546e-05,10.0194545454545,52.7587419934674,520,Low
9XG077595J,22,43920,BOLT&WSHR,8AA63,0.008064,2000,280,240,120,4.032e-06,0.17708544,52.2794792994493,521,Low
DK4456786A,27,13500,RUBBER-STOP,5B-,0.01,500,240,280,240,2e-05,0.27,51.9615242270663,522,Low
DF7169451A,78,2310,"BRKT-ASSIST,RH",APC20,0.03,30,550,240,230,0.001,2.31,51.320232206862,523,Low
DH56675D0,156,14040,KEYYLESS COMPT,4I064,0.06,90,480,560,240,0.000666666666666667,9.36,50.9901951359279,524,Low
9XG02498AF,14,14000,SCREW-TAPPING,8AC15,0.0054,1000,300,200,90,5.4e-06,0.0756,50.9175077217316,525,Low
ZJ3820310,152,4560,PIPE ASSY-EGR,4I061,0.06,30,480,560,240,0.002,9.12,50.3322295684717,526,Low
DN3250YH495,350,27997,SPACER,IZ82X,0.14,80,980,580,260,0.00175,48.99475,50.0026787866901,527,Low
D65242451B,25,40000,SPRING-LIFT,4B032,0.01,1600,240,280,240,6.25e-06,0.25,50,528,Low
DD63437A6,75,150000,RUBBER-MOUNT,4QXXX,0.03,2000,240,560,240,1.5e-05,2.25,50,529,Low
DK5570YB2,25,170000,INS CWL SD PNL LWR,4B83-,0.01,6800,240,280,240,1.47058823529412e-06,0.25,50,530,Low
DL4055540,75,3600,IND SEAT BELT,4DB03,0.03,48,240,560,240,0.000625,2.25,50,531,Low
DN3250YH395,346,27678,MLDG ASY W SHLD GAR,IZ82X,0.14,80,980,580,260,0.00175,48.4365,49.7152607934489,532,Low
9XG141447L,19,36500,BOLT,8AA12,0.008064,2000,280,240,120,4.032e-06,0.147168,49.5275570612802,533,Low
9XG067852M,19,31180,NUT,8AD36,0.008064,1700,280,240,120,4.74352941176471e-06,0.147903247058824,49.40429959336,534,Low
9XG015963J,19,37920,NUT,8AD65,0.008064,2000,280,240,120,4.032e-06,0.15289344,48.5913734722109,535,Low
9XG06169AJ,21,61000,SCREW 4 8X16 PC TI,8AD36,0.009408,3000,280,240,140,3.136e-06,0.191296,48.013829974836,536,Low
DN3267KB1A,138,13800,CAP-BAT,Z3054,0.06,100,560,480,240,6e-04,8.28,47.9583152331272,537,Low
DF7132AZ1A,141,2940,COVER,4I064,0.06,20,480,560,240,0.003,8.82,47.4771695939539,538,Low
DN016756XB,67,2671,BCM COMPT,4Q-,0.03,40,240,560,240,0.00075,2.00325,47.3377080641559,539,Low
BP4K6649YA,22,4400,SW-PEDAL PUSH OFF,4B025,0.01,200,240,280,240,5e-05,0.22,46.9041575982343,540,Low
D35067B7XA,22,2200,BRKT ASSY,4B1AX,0.01,100,240,280,240,1e-04,0.22,46.9041575982343,541,Low
Y64520650B,22,352,BRKT ASSY,4QXXX,0.01,16,240,280,240,0.000625,0.22,46.9041575982343,542,Low
9XF000232M,17,16486,BOLT,8AD33,0.008064,1000,280,240,120,8.064e-06,0.132943104,46.6246960979946,543,Low
F00225421,3,1746,CLIP,5A044,0.004032,1700,240,140,120,2.37176470588235e-06,0.00414110117647059,46.6190408494933,544,Low
DN3518881C,43,430,CONTROL UNIT,Z2036,0.02,10,350,280,280,0.002,0.86,46.3680924774785,545,Low
DF7155540A,63,3024,IND SEAT BELT,4C-,0.03,48,240,560,240,0.000625,1.89,45.8257569495584,546,Low
DN0361751,21,4200,SENSOR-SUN,4BXXX,0.01,200,240,280,240,5e-05,0.21,45.8257569495584,547,Low
F5021744X,21,4200,COVER ASSY-HOLE,4B023,0.01,200,240,280,240,5e-05,0.21,45.8257569495584,548,Low
Y61340305,21,42000,GASKET-EXH PIPE,4B85--,0.01,2000,240,280,240,5e-06,0.21,45.8257569495584,549,Low
DK4966252,12,3564,PLUG-C/LGTR,4B86--,0.01,500,240,280,240,2e-05,0.07128,44.9466574975495,550,Low
C00461799A,20,40000,C0VER SUNSENS0R,4B016,0.01,2000,240,280,240,5e-06,0.2,44.7213595499958,551,Low
DG99676N0B,20,200,ANT ASSY-KEYLESS,4B-6B,0.01,10,390,290,150,0.001,0.2,44.7213595499958,552,Low
Y60115810A,20,240,BRKT ASSY-COMPR,4B44--,0.01,12,240,280,240,0.000833333333333333,0.2,44.7213595499958,553,Low
999400501,8,36000,NUT-FRANGE,4A034,0.004032,4500,240,140,120,8.96e-07,0.032256,44.5435403187374,554,Low
DN0337YB3,235,141421,MEDL ASY-WHL CVR(BL,4C-,0.12,602,480,560,480,0.000199335548172757,28.1902325581395,44.2607259647269,555,Low
Y64513H7X,19,380,BRKT ASSY-FUEL PIPE,4B32--,0.01,20,240,280,240,5e-04,0.19,43.5889894354067,556,Low
DK5046YA1,114,8208,ADPT & RG ASY TRANS,4IC5,0.06,72,550,360,350,0.000833333333333333,6.84,43.5889894354067,557,Low
DN2456620A,54,1842,LATCH ASSY-BONNET,IQ-,0.03,36,280,480,240,0.000833333333333333,1.535,43.5852528626481,558,Low
9XF055312M,15,43500,BOLT,8AD25,0.008064,2900,280,240,120,2.78068965517241e-06,0.12096,43.1290974588971,559,Low
DN2067790A,110,4400,UNIT ASSY-BURG ALM,4I062,0.06,40,480,560,240,0.0015,6.6,42.8174419288838,560,Low
DR7750660,183,7686,"MLDG-BELTLINE,R,RH",4Z70X,0.1,42,1190,510,180,0.00238095238095238,18.3,42.7784992724149,561,Low
BS1A69924A,36,756,TOOL-EMERGENCY,4QXXX,0.02,21,470,290,220,0.000952380952380952,0.72,42.4264068711929,562,Low
DT913719X,54,8100,CAP ASSY-CENTER,4C-,0.03,150,240,560,240,2e-04,1.62,42.4264068711929,563,Low
D07A55210A,214,2140,"PANEL ASSY,CTR",4B40,0.12,10,560,470,470,0.012,25.68,42.2295315310664,564,Low
9YAK01006A,7,1377,STUD,4A066,0.004032,200,240,140,120,2.016e-05,0.02776032,42.013204304307,565,Low
9XF03923X3,13,16735,SCREW,8AA56,0.008064,1400,280,240,120,5.76e-06,0.0963936,41.8715706667811,566,Low
D6515756YB,57,6300,"STRIKER-ASSY,CTR",4C-,0.03,100,240,560,240,3e-04,1.89,41.4613991448386,567,Low
DF7143835A,51,6086,HOSE-RESERVE,4C035,0.03,120,240,560,240,0.00025,1.5215,41.3460663994038,568,Low
DN24199H1A,101,8080,HOSE-OIL,4I11,0.06,80,480,560,240,0.00075,6.06,41.0284454169706,569,Low
DN3417530A,98,9800,BREATHER ASSY,4Z84,0.06,100,560,240,480,6e-04,5.88,40.4145188432738,570,Low
DH05676N0,29,523,ANT ASSY-KEYLESS,4B-6B,0.02,20,390,260,200,0.001,0.523,40.1002567664376,571,Low
BC1D56145,48,286725,CLIP,4CA03,0.03,6000,240,560,240,5e-06,1.433625,40.0888367414712,572,Low
G00167061,48,76751,PAT-PROTECTOR,IC025,0.03,1600,240,560,240,1.875e-05,1.43908125,40.0127665259737,573,Low
DK4964180G68,186,1673,POCKET ASSY,Z30,0.12,9,480,560,480,0.0133333333333333,22.3066666666667,39.3818039121923,574,Low
9XF05255AF,12,19952,BOLT,8AD54,0.008064,1700,280,240,120,4.74352941176471e-06,0.0946428988235294,39.0065220686295,575,Low
9XG13090X7,12,24000,SCREW 5X16 PC TI R,8AD54,0.008064,2000,280,240,120,4.032e-06,0.096768,38.575837490523,576,Low
B09251861,6,6000,NUT CLIP,4A075,0.004032,1000,240,140,120,4.032e-06,0.024192,38.575837490523,577,Low
DK4450YM1,6,36000,YK ASY-HTR RR AIR,IXXX,0.004032,6000,140,240,120,6.72e-07,0.024192,38.575837490523,578,Low
DK4850YM1,6,36000,YK ASY-HTR RR AIR,4AA14,0.004032,6000,140,240,120,6.72e-07,0.024192,38.575837490523,579,Low
DN3261C35,84,42336,WIRE-MODE,5I-,0.06,504,560,480,240,0.000119047619047619,5.04,37.4165738677394,580,Low
D65141371,14,4200,HOLDER,4B026,0.01,300,240,280,240,3.33333333333333e-05,0.14,37.4165738677394,581,Low
DN32676V0E,83,5743,UNIT-VOICE,Z3055,0.06,70,560,480,240,0.000857142857142857,4.92257142857143,37.4095151100266,582,Low
DR8161190E,167,3340,CONTROL ASSY-HEATER,Z30A3,0.12,20,480,560,480,0.006,20.04,37.3050488093323,583,Low
DF7141600B,83,1743,PEDAL ASSY-ACCEL,4I063,0.06,21,480,560,240,0.00285714285714286,4.98,37.1931893407023,584,Low
DK4362361,166,6972,STRIKER-LIFTGATE,4J73--,0.12,42,480,560,480,0.00285714285714286,19.92,37.1931893407023,585,Low
DN3261C25,82,41328,WIRE-TEMP,5F061,0.06,504,560,480,240,0.000119047619047619,4.92,36.9684550213647,586,Low
DN2809010D,27,540,KEY SET,IIXXX,0.02,20,390,300,200,0.001,0.54,36.7423461417477,587,Low
DR66199G0,81,8100,HOSE ASSY-OIL,4I92--,0.06,100,560,480,230,6e-04,4.86,36.7423461417477,588,Low
DA9M16YA1,40,9000,PLG TRANS OIL SE,4Z25X,0.03,225,480,280,240,0.000133333333333333,1.2,36.5148371670111,589,Low
Y64513489,13,390,PROTECTOR-F/FLTR,4B33--,0.01,30,240,280,240,0.000333333333333333,0.13,36.0555127546399,590,Low
9XG06096ZC,12,60000,SCREW 4.8X16 PN TI,8AA25,0.009408,5000,280,240,140,1.8816e-06,0.112896,35.7142857142857,591,Low
LC6269261B30,38,22800,ADAPTER-CTR,4DB07,0.03,600,240,560,240,5e-05,1.14,35.5902608401044,592,Low
Y65015980A,38,380,TENSIONER-AUTO,4Z27X,0.03,10,240,560,240,0.003,1.14,35.5902608401044,593,Low
BN8V73608,5,10000,"PROTECTOR-CHAN,LH",4A-,0.004032,2000,240,140,120,2.016e-06,0.02016,35.2147606136882,594,Low
GJ6E61751B,5,500,SENSOR-SUN,5A045,0.004032,100,240,140,120,4.032e-05,0.02016,35.2147606136882,595,Low
DK5166ZC1,74,17752,CVR SPKR HLE,4I72--,0.06,240,560,480,240,0.00025,4.438,35.1267581659896,596,Low
DF956732XB,148,2960,"ARM&BLADE SET,F,PGR",4M--R,0.12,20,480,1120,240,0.006,17.76,35.1188458428425,597,Low
DK5162877B,37,25900,RUBBER-STOP,5D-,0.03,700,280,480,240,4.28571428571429e-05,1.11,35.1188458428425,598,Low
DD5866A69,36,43200,COVER-TERMINAL,4A74--,0.03,1200,240,560,240,2.5e-05,1.08,34.6410161513776,599,Low
DL4146030A,12,384,KNOB-CHANGE,4B033,0.01,32,240,280,240,0.0003125,0.12,34.6410161513776,600,Low
S58B66250,12,1560,LIGHTER-CIGAR,4B023,0.01,130,240,280,240,7.69230769230769e-05,0.12,34.6410161513776,601,Low
Y60115810B,12,144,BRKT ASSY-COMPR,4B45--,0.01,12,280,240,240,0.000833333333333333,0.12,34.6410161513776,602,Low
Y64520100,34,388,BODY ASSY-SHUT VLV,4CXXX,0.03,12,240,560,240,0.0025,0.97,34.521769614543,603,Low
DN3466YL1A,33,31240,CONTR ASY RADO SPKR,5CW51,0.03,980,240,560,240,3.06122448979592e-05,0.956326530612245,33.7451091917954,604,Low
DN3267TC2,33,42899,COVER-CONNECTOR,4C-,0.03,1300,240,560,240,2.30769230769231e-05,0.989976923076923,33.1666344633179,605,Low
DN2868YB4,33,99000,PIN PSH,4Q-,0.03,3000,240,560,240,1e-05,0.99,33.166247903554,606,Low
DK5168YL2,11,176000,TPE RR CNR PLR,4B82--,0.01,16000,240,280,240,6.25e-07,0.11,33.166247903554,607,Low
DN2415YA3,11,11000,HOS ASY ENG VEN,"",0.01,1000,280,240,240,1e-05,0.11,33.166247903554,608,Low
DF73679BY,63,2515,BRKT ASSY,APC30,0.06,40,560,480,240,0.0015,3.7725,32.4358979396148,609,Low
DF7156041C,61,1342,TRAY-BATTERY,4I064,0.06,22,480,560,240,0.00272727272727273,3.66,31.8852107828483,610,Low
DR6443490A,122,7320,HOSE ASSY-VACUUM,4HA-J,0.12,60,560,960,240,0.002,14.64,31.8852107828483,611,Low
Y60218401A,4,1180,BOLT,4B45--,0.004032,300,240,140,120,1.344e-05,0.0158592,31.762841930819,612,Low
DK4368961D91,270,6720,"TRIM-L/G,LWR",2M17-J,0.27,25,1000,560,490,0.0108,72.576,31.6932845523194,613,Low
DK5168YL1,10,69985,TPE RR DR SGT,4B81--,0.01,7000,240,280,240,1.42857142857143e-06,0.0999785714285714,31.6261653009418,614,Low
DK4967407A,30,40500,"BUSH,OUT",5DV11,0.03,1350,280,480,240,2.22222222222222e-05,0.9,31.6227766016838,615,Low
DN2057K30,30,1200,SAS UNIT,4Q-,0.03,40,240,560,240,0.00075,0.9,31.6227766016838,616,Low
DN5467B21A,10,200,BRKT,Z2752,0.01,20,480,280,120,5e-04,0.1,31.6227766016838,617,Low
9CS600516B,4,6000,SCREW-TAPPING,4A031,0.004032,1500,240,140,120,2.688e-06,0.016128,31.4970394174356,618,Low
9YA020664,4,5200,BOLT,4A043,0.004032,1300,240,140,120,3.10153846153846e-06,0.016128,31.4970394174356,619,Low
DF9567320A,119,2380,"ARM&BLADE SET,F",4M--R,0.12,20,480,1120,240,0.006,14.28,31.4907393794853,620,Low
DJ6245510B,122,7680,PIPE-CLUTCH,Z30B1,0.12,60,480,560,480,0.002,15.36,31.1289321478696,621,Low
DF7141600C,58,1218,PEDAL ASSY-ACCEL,4I063,0.06,21,480,560,240,0.00285714285714286,3.48,31.0912635102961,622,Low
DN2858330A68,57,3192,"HANDLE ASSY-IN,RH",Z30A6,0.06,56,560,490,240,0.00107142857142857,3.42,30.8220700148449,623,Low
CC2956860,28,2940,LEVERR-OPENER,4DB09,0.03,105,240,560,240,0.000285714285714286,0.84,30.5505046330389,624,Low
DN6467B21,26,2340,BRKT,4J--,0.03,90,560,480,120,0.000333333333333333,0.78,29.4392028877595,625,Low
DK4959YB1,50,360000,CVR DR ACC HLE,4IL43,0.06,7200,560,480,240,8.33333333333333e-06,3,28.8675134594813,626,Low
DN6467B21A,58,5220,BRKT,Z30,0.07,90,590,380,320,0.000777777777777778,4.06,28.784916685157,627,Low
9XG03198X0,24,84000,FASTENER,8AC41,0.03,3500,280,240,480,8.57142857142857e-06,0.72,28.2842712474619,628,Low
D652676N0C,8,576,ANT ASSY-KEYLESS,4I,0.01,72,240,280,240,0.000138888888888889,0.08,28.2842712474619,629,Low
DF97675D0,48,4320,KEYLESS COMPT,4IB08,0.06,90,480,560,240,0.000666666666666667,2.88,28.2842712474619,630,Low
DJ6241360,93,3720,PIPE-CLUTCH,4I67--,0.12,40,480,560,480,0.003,11.16,27.8388218141501,631,Low
DK4350YJ1B,486,5808,FM ENER ABS,APM17,0.63,12,1240,650,790,0.0525,304.92,27.831929376134,632,Low
DK4950YC1A,92,91940,CLP-HD LP,Z30A2,0.12,1000,480,560,480,0.00012,11.0328,27.6977795674388,633,Low
C23564660A,44,1584,ASHTRAY ASSY-R,4I064,0.06,36,480,560,240,0.00166666666666667,2.64,27.0801280154532,634,Low
DK5168YA2,7,96000,TAPE MSK,4B82--,0.01,14000,240,280,240,7.14285714285714e-07,0.0685714285714286,26.7316915539091,635,Low
B21434C10,21,42000,BAND,4C-,0.03,2000,240,560,240,1.5e-05,0.63,26.4575131106459,636,Low
UB5467121,21,42000,CLIP,D4B09,0.03,2000,240,560,240,1.5e-05,0.63,26.4575131106459,637,Low
DL4061190A,40,458,CONTROL ASSY-HEATER,4I061,0.06,12,480,560,240,0.005,2.29,26.4327440182036,638,Low
DR64199G0,81,8100,HOSE ASSY-OIL,4Z3092,0.12,100,480,560,480,0.0012,9.72,25.9807621135332,639,Low
Y6351324XA,19,380,PIPE ASSY-AIR INT,4CXXX,0.03,21,280,480,240,0.00142857142857143,0.542857142857143,25.7875939164553,640,Low
D65141380,37,4440,HOSE-FLEXIBLE,4IA2,0.06,120,560,480,240,5e-04,2.22,24.8327740429189,641,Low
DN2417530,18,7200,BREATHER ASSY,4Q-,0.03,400,240,560,240,7.5e-05,0.54,24.4948974278318,642,Low
DK4351180E,61,973,"HOUSING ASSY,LH",4D--J,0.12,16,480,560,480,0.0075,7.2975,22.5809798482671,643,Low
DK4351170E,61,975,"HOUSING ASSY,RH",4D--J,0.12,16,570,460,490,0.0075,7.3125,22.557807979826,644,Low
D65145510B,61,3660,PIPE-CLUTCH,4KXXX,0.12,60,560,960,240,0.002,7.32,22.5462487641145,645,Low
BP4M61757A,5,500,SENSOR-INCAR,5B025,0.01,100,240,280,240,1e-04,0.05,22.3606797749979,646,Low
D653676N0C,5,120,ANT ASSY-KEYLESS,4QXXX,0.01,24,240,280,240,0.000416666666666667,0.05,22.3606797749979,647,Low
D65141421,27,10800,HOSE-RESERVE,4IB2,0.06,400,560,480,240,0.00015,1.62,21.2132034355964,648,Low
DP1016YA1,22,18004,PLG TRANS OIL SE,IXX,0.06,1000,560,480,250,6e-05,1.08024,21.1671580944783,649,Low
DN2556620A,12,420,LATCH ASSY-BONNET,IQ-,0.03,36,280,480,240,0.000833333333333333,0.35,20.2837021134844,650,Low
DN3261YH1,8,4000,ADPT DECPL SNS ASY,Z25,0.02,500,470,270,230,4e-05,0.16,20,651,Low
DK4951441,48,43200,LENS,5FX15,0.12,900,480,560,480,0.000133333333333333,5.76,20,652,Low
Y60118401A,2,700,BOLT,4B45--,0.0054,350,300,200,90,1.54285714285714e-05,0.0108,19.2450089729875,653,Low
DK4750YM1,21,42000,YK ASY-HTR RR AIR,4FL61,0.06,2000,560,480,240,3e-05,1.26,18.7082869338697,654,Low
DF7143630B,10,1000,HOSE ASSY-VACUUM,4DC05,0.03,100,240,560,240,3e-04,0.3,18.2574185835055,655,Low
DN5067B21B,10,390,BRKT,Z8472,0.03,39,560,480,120,0.000769230769230769,0.3,18.2574185835055,656,Low
9XF052512M,2,5000,SCREW,8AD11,0.006384,2500,240,190,140,2.5536e-06,0.012768,17.6998081351197,657,Low
Y40513458,2,800,BUSH,4B44--,0.0066,400,300,200,110,1.65e-05,0.0132,17.4077655955698,658,Low
D65159973A,18,5400,HOLE COVER,4I065,0.06,300,480,560,240,2e-04,1.08,17.3205080756888,659,Low
DL7943621,3,240,HOSE-VACUUM,4B033,0.01,80,240,280,240,0.000125,0.03,17.3205080756888,660,Low
Y60313230,3,525,PIPE ASSY-AIR INT,4IA2--,0.01,175,280,240,240,5.71428571428571e-05,0.03,17.3205080756888,661,Low
D65158973A,17,5100,HOLE COVER,4I065,0.06,300,480,560,240,2e-04,1.02,16.8325082306035,662,Low
DJ3541362A,32,7750,BRKT,5CXXX,0.12,250,480,560,480,0.00048,3.72,16.5912271156868,663,Low
DN3415384B,15,415,HOSE-SUBTANK,Z3081,0.06,30,560,480,250,0.002,0.83,16.4646389984536,664,Low
DF7143640A,16,800,HOSE ASSY-VACUUM,4I065,0.06,50,480,560,240,0.0012,0.96,16.3299316185545,665,Low
DN0369531A21,32,23040,HANGER-COAT,Z30A1,0.12,720,480,560,480,0.000166666666666667,3.84,16.3299316185545,666,Low
DN3343490A,8,320,HOSE ASSY-VACUUM,4HA05,0.03,40,480,560,120,0.00075,0.24,16.3299316185545,667,Low
Y64513380,8,360,INSULATOR ASSY-HEAT,4JXXX,0.03,45,560,480,120,0.000666666666666667,0.24,16.3299316185545,668,Low
Y601102D1,7,350,BRKT,4IXXX,0.03,50,480,280,240,6e-04,0.21,15.2752523165195,669,Low
Y64510440,7,350,PIPE ASSY-OIL GAGE,4IF8--,0.03,50,280,480,240,6e-04,0.21,15.2752523165195,670,Low
DN2843490A,26,390,HOSE ASSY-VACUUM,4I043,0.12,15,480,560,480,0.008,3.12,14.7196014438797,671,Low
DN3215355,13,39000,CAP-SUBTANK,IT30,0.06,3000,560,490,250,2e-05,0.78,14.7196014438797,672,Low
DG8066170,6,630,SWITCH-CLUSTER,IXXXX,0.03,105,240,560,240,0.000285714285714286,0.18,14.142135623731,673,Low
D6513438XA,12,600,BRG-STRUT,4C,0.06,50,560,480,240,0.0012,0.72,14.142135623731,674,Low
NF5166141A02,2,320,KNOB,4B023,0.01,160,240,280,240,6.25e-05,0.02,14.142135623731,675,Low
DK4958560J,48,1536,"REG-WINDOW,RH",M140,0.25,32,960,560,480,0.0078125,12,13.856406460551,676,Low
DK4959560J,48,1536,"REG-WINDOW,LH",M17,0.25,32,960,560,480,0.0078125,12,13.856406460551,677,Low
DR645617Y,22,7479,"MEMBER-SHROUD,UP",4M19-K,0.12,351,480,560,480,0.000341880341880342,2.55692307692308,13.7582706774396,678,Low
Y64513240,20,387,PIPE ASSY-AIR INT,4IXXX,0.12,20,480,560,480,0.006,2.322,13.124987182636,679,Low
DK5168YA3,12,152640,SE ADH,4C--,0.07,12720,560,490,260,5.50314465408805e-06,0.84,13.0930734141595,680,Low
DN2419880,20,7964,GAGE-OIL LEVEL,4C82,0.12,400,480,560,480,3e-04,2.3892,12.9390902664298,681,Low
DN64675D0,10,900,KEYLESS COMPT,4I066,0.06,90,480,560,240,0.000666666666666667,0.6,12.9099444873581,682,Low
DR8657730A,5,90,BELT-B,4B-21,0.03,18,240,560,240,0.00166666666666667,0.15,12.9099444873581,683,Low
9XF000122M,1,2000,BOLT M6X14 HF8,8AXXX,0.00616,2000,280,220,100,3.08e-06,0.00616,12.7411797859406,684,Low
DR964630Y,24,1440,CABLE ASSY-INTRLK,4E1-R,0.16,60,480,1400,240,0.00266666666666667,3.84,12.2474487139159,685,Low
DL33675D0,8,288,KEYLESS COMPT,4IC2,0.06,36,500,400,300,0.00166666666666667,0.48,11.5470053837925,686,Low
DN3415909,4,360,BELT-V RIB,Z8473,0.03,90,560,480,120,0.000333333333333333,0.12,11.5470053837925,687,Low
Y40718884A,31,7935,BRKT-C/UNIT,4M17-J,0.25,256,560,960,480,0.0009765625,7.7490234375,11.1362303751819,688,Low
DR964630YA,19,1140,CABLE ASSY-INTRLK,4E1-R,0.16,60,480,1400,240,0.00266666666666667,3.04,10.8972473588517,689,Low
DP55675D0,7,630,KEYLESS COMPT,C30,0.06,90,480,560,240,0.000666666666666667,0.42,10.8012344973464,690,Low
DN0461757,13,3718,SENSOR-INCAR,4CXXX,0.12,286,480,560,480,0.00041958041958042,1.56,10.4083299973307,691,Low
9XG008432M,1,1200,SCREW,8AE53,0.01,1200,280,260,160,8.33333333333333e-06,0.01,10,692,Low
DD106039X,6,72000,CLIP ASSY,3IA4--,0.06,12000,560,480,240,5e-06,0.36,10,693,Low
DJ5161472,1,250,BRKT,4B17--,0.01,250,240,280,240,4e-05,0.01,10,694,Low
DN3413390,6,360,INSULATOR ASSY-EXH,4IA3--,0.06,60,560,480,240,0.001,0.36,10,695,Low
DN6209010A,1,4,KEY SET,4H016,0.01,4,240,560,120,0.0025,0.01,10,696,Low
Y60118211B,3,360,SENS-PRESSURE,4CXXX,0.03,120,240,560,240,0.00025,0.09,10,697,Low
Y64513532,1,1000,CLIP,4BXXX,0.01,1000,280,240,240,1e-05,0.01,10,698,Low
Y64513F61A,1,350,BRKT-INTERCOOLER,4B75--,0.01,350,280,260,210,2.85714285714286e-05,0.01,10,699,Low
D65146100C,7,56,LEVER ASSY-CHANGE,4LA-R,0.07,8,970,320,230,0.00875,0.49,10,700,Low
DN3266350,72,5184,SW-P/W MAIN,4I--,0.83,72,140,9610,620,0.0115277777777778,59.76,9.31380630847599,701,Low
Y60313221D,5,486,HOSE-AIR INT,4IA2--,0.06,100,560,480,240,6e-04,0.2916,9.25925925925926,702,Low
DN346124Y,5,300,HOSE ASSY-WATER;#2,4I73--,0.06,60,480,560,230,0.001,0.3,9.12870929175277,703,Low
Y6461025X,4,500,HOSE ASSY-BREATHER,4Z30X,0.05,125,550,480,220,4e-04,0.2,8.94427190999916,704,Low
DF7145510,9,810,PIPE-CLUTCH,4IA1,0.12,90,480,560,480,0.00133333333333333,1.08,8.66025403784439,705,Low
DN3415185A,9,270,"HOSE-WATER,LOW",Z3082,0.12,30,480,560,480,0.004,1.08,8.66025403784439,706,Low
DN3456YB1A,4,480,FUN FU FILL,4I--,0.06,120,560,480,240,5e-04,0.24,8.16496580927726,707,Low
DN346124X,4,320,HOSE ASSY-WATER,4IA3-,0.06,80,560,480,230,0.00075,0.24,8.16496580927726,708,Low
Y60140350B,2,240,BAND ASSY,4CXXX,0.03,120,240,560,240,0.00025,0.06,8.16496580927726,709,Low
DN346122Y,6,330,PIPE ASSY-WATER,4I96--,0.12,55,480,560,480,0.00218181818181818,0.72,7.07106781186548,710,Low
DN77675D0,3,270,KEYLESS COMPT,4C30,0.06,90,480,560,240,0.000666666666666667,0.18,7.07106781186548,711,Low
DN5056020,5,500,CLAMP-BATTERY,4Q-,0.12,100,480,560,480,0.0012,0.6,6.45497224367903,712,Low
DF71675R0B,2,280,UNIT ASSY-KEYLESS,4IC2,0.05,140,550,360,290,0.000357142857142857,0.1,6.32455532033676,713,Low
Y60318845C,1,210,SENS-AIR TEMP,4CXXX,0.03,210,240,560,240,0.000142857142857143,0.03,5.77350269189626,714,Low
DN3415242B,1,800,RUBBER-MOUNT BRKT,Z2015,0.03,800,400,300,280,3.75e-05,0.03,5.77350269189626,715,Low
DN57675D0,3,108,KEYLESS COMPT,4IC2,0.12,36,480,560,480,0.00333333333333333,0.36,5,716,Low
DN5318881A,1,20,CONTROL UNIT,Z30XX,0.06,20,560,490,240,0.003,0.06,4.08248290463863,717,Low
Y40515381B,2,200,HOSE-SUBTANK,4IB5--,0.12,100,480,560,480,0.0012,0.24,4.08248290463863,718,Low
Y40515383B,2,300,HOSE-SUBTANK,4Z3066,0.12,150,480,560,480,8e-04,0.24,4.08248290463863,719,Low
Y63513358,1,1000,RUBBER-MOUNTING,4HXXX,0.06,1000,600,400,280,6e-05,0.06,4.08248290463863,720,Low
Y6451025XA,1,125,HOSE ASSY-BREATHER,4ID2--,0.06,125,560,480,240,0.00048,0.06,4.08248290463863,721,Low
